t,vad_prob,snr_db
0.3985,0.0,-0.0
0.3988,0.0,0.42
0.4359,0.0,-0.62
0.4363,0.0,-0.02
0.4779,0.0,0.13
0.4789,0.0,0.35
0.5162,0.0,0.57
0.5167,0.0,0.12
0.5619,0.0,0.11
0.5624,0.0,0.25
0.5962,0.0,-0.14
0.5967,0.0,-0.42
0.6411,0.0,-0.39
0.6415,0.0,0.04
0.6765,0.0,0.78
0.6769,0.0,-1.08
0.7208,0.0,0.16
0.7212,0.0,-0.07
0.7569,0.0,0.56
0.7571,0.0,0.38
0.8009,0.0,-0.18
0.8013,0.0,0.17
0.836,0.0,0.16
0.8365,0.0,-0.07
0.882,0.0,0.04
0.8825,0.0,-0.62
0.9157,0.0,0.54
0.9159,0.0,1.33
0.9607,0.0,-0.67
0.9612,0.0,0.69
0.9965,0.0,0.47
0.9971,0.0,0.97
1.0414,0.0,1.36
1.0419,0.0,0.98
1.076,0.0,1.0
1.0765,0.0,-0.16
1.1207,0.0,0.01
1.1211,0.0,-0.76
1.156,0.0,-0.14
1.1566,0.0,0.14
1.1993,0.0,-0.31
1.1996,0.0,-1.3
1.2354,0.0,-0.28
1.2356,0.0,0.18
1.2793,0.0,0.72
1.2796,0.0,0.89
1.3156,0.0,-0.37
1.3158,0.0,0.09
1.3595,0.0,-0.43
1.3597,0.0,-0.36
1.3956,0.0,-0.79
1.3959,0.0,-0.28
1.441,0.0,1.04
1.4415,0.0,-0.12
1.4761,0.0,-0.41
1.4767,0.0,0.38
1.5212,0.0,0.37
1.5216,0.0,0.66
1.5578,0.0,0.4
1.5583,0.0,-0.37
1.6014,0.0,0.92
1.6018,0.0,1.6
1.636,0.0,1.53
1.6365,0.0,2.4
1.6817,0.0,4.1
1.6822,0.0,5.2
1.7161,0.0,2.72
1.7166,0.0,1.49
1.7617,0.0,0.32
1.7622,0.0,0.36
1.7962,0.0,-0.14
1.7968,0.0,-0.14
1.8415,0.0,-0.24
1.842,0.0,0.32
1.876,0.0,-0.08
1.8765,0.0,-0.75
1.9208,0.0,0.03
1.9212,0.0,-0.07
1.9574,0.0,0.13
1.9579,0.0,-0.99
2.0009,0.0,-0.22
2.0013,0.0,-0.44
2.0359,0.0,0.05
2.0364,0.0,0.24
2.0819,0.0,-0.11
2.0823,0.0,0.15
2.116,0.0,-0.22
2.1164,0.0,-0.61
2.1619,0.0,-0.78
2.1624,0.0,-0.77
2.1962,0.0,-0.53
2.1967,0.0,-0.08
2.2408,0.0,-1.72
2.2412,0.0,-0.39
2.2757,0.0,-0.74
2.276,0.0,0.15
2.3202,0.0,-0.16
2.3205,0.0,0.1
2.3559,0.0,0.93
2.3562,0.0,1.92
2.3997,0.0,0.36
2.4,0.0,0.67
2.4358,0.0,0.95
2.4362,0.0,1.01
2.4808,0.0,0.87
2.4811,0.0,-1.51
2.516,0.0,-0.48
2.5164,0.0,0.11
2.5607,0.0,0.1
2.5611,0.0,0.43
2.5965,0.0,-0.33
2.597,0.0,0.22
2.6416,0.0,-0.87
2.642,0.0,-0.4
2.676,0.0,-1.05
2.6768,0.0,1.95
2.7207,0.0,0.33
2.7212,0.0,0.32
2.7562,0.0,6.62
2.7565,0.15,15.0
2.801,0.0,7.43
2.8014,0.0,2.64
2.8365,0.0,0.56
2.837,0.0,-0.46
2.8804,0.0,-1.08
2.8807,0.0,-0.96
2.9158,0.0,-1.2
2.9161,0.0,-1.39
2.9614,0.0,-0.88
2.962,0.0,-0.45
2.9957,0.0,-1.12
2.9965,0.0,-1.05
3.0405,0.0,-1.42
3.0409,0.0,-0.46
3.0755,0.0,-0.15
3.0757,0.0,-0.45
3.1208,0.0,-0.73
3.1213,0.0,-0.3
3.1572,0.0,-1.09
3.1578,0.0,-1.46
3.2008,0.0,-1.8
3.2012,0.0,-0.66
3.2361,0.0,-0.73
3.2367,0.0,-1.74
3.281,0.0,-0.78
3.2815,0.0,-1.13
3.3158,0.0,-0.08
3.3161,0.0,-0.29
3.3594,0.0,-0.83
3.3596,0.0,-0.61
3.3956,0.0,-0.89
3.3958,0.0,-0.9
3.4409,0.0,-0.79
3.4413,0.0,-1.79
3.4759,0.0,-0.39
3.4763,0.0,-0.09
3.5208,0.0,-1.87
3.5212,0.0,-0.65
3.5568,0.0,-0.54
3.5574,0.0,-0.22
3.6006,0.0,-0.65
3.6009,0.0,-0.64
3.636,0.0,-0.36
3.6365,0.0,-1.6
3.681,0.0,-0.92
3.6814,0.0,-1.31
3.7157,0.0,-1.29
3.716,0.0,-0.29
3.7604,0.0,-0.72
3.7606,0.0,-1.65
3.7957,0.0,-0.41
3.796,0.0,-0.13
3.8417,0.0,0.07
3.8423,0.0,-0.58
3.8762,0.0,-0.23
3.8768,0.0,-0.13
3.9203,0.0,-1.0
3.9207,0.0,-0.56
3.9568,0.0,-1.32
3.9573,0.0,-0.97
4.0016,0.0,-0.16
4.0019,0.0,-1.04
4.0359,0.0,-1.3
4.0364,0.0,-0.19
4.0811,0.0,-0.19
4.0815,0.0,0.17
4.116,0.0,-0.41
4.1165,0.0,-0.46
4.162,0.0,-0.41
4.1634,0.0,-0.58
4.1958,0.0,-0.7
4.1962,0.0,-1.02
4.2419,0.0,-0.63
4.2423,0.0,-0.14
4.2763,0.0,-1.09
4.2768,0.0,-0.58
4.3201,0.0,-0.4
4.3204,0.0,0.03
4.3559,0.0,0.13
4.3561,0.0,-0.17
4.3999,0.0,-0.43
4.4001,0.0,-0.03
4.4358,0.0,-0.77
4.4362,0.0,-1.07
4.4813,0.0,-1.47
4.4817,0.0,-0.17
4.5159,0.0,0.13
4.5163,0.0,-1.32
4.5617,0.0,-0.17
4.5623,0.0,-0.82
4.5959,0.0,0.16
4.5964,0.0,0.31
4.6417,0.0,-0.44
4.6422,0.0,-0.1
4.6761,0.0,-0.16
4.6766,0.0,-0.51
4.7202,0.0,-0.6
4.7204,0.0,-1.11
4.756,0.0,-0.1
4.7563,0.0,0.27
4.8006,0.0,-1.36
4.801,0.0,0.19
4.836,0.0,-0.26
4.8365,0.0,0.78
4.8796,0.0,0.37
4.88,0.0,0.31
4.9157,0.0,0.72
4.9161,0.0,-0.34
4.9605,0.0,-0.22
4.9608,0.0,-0.66
4.9957,0.0,-0.79
4.996,0.0,0.47
5.0408,0.0,0.25
5.0416,0.0,-0.79
5.0759,0.0,-0.01
5.0763,0.0,0.33
5.1206,0.0,0.58
5.1209,0.0,0.38
5.1575,0.0,0.21
5.158,0.0,0.67
5.2016,0.0,-0.28
5.2021,0.0,-0.04
5.236,0.0,-0.94
5.2364,0.0,-0.53
5.2816,0.0,0.36
5.2821,0.0,-0.33
5.3159,0.0,-0.71
5.3163,0.0,0.54
5.3595,0.0,0.27
5.3597,0.0,0.73
5.3955,0.0,0.09
5.3958,0.0,0.15
5.4405,0.0,0.31
5.4408,0.0,0.08
5.4757,0.0,-0.46
5.4761,0.0,-0.32
5.5208,0.0,-0.14
5.521,0.0,0.26
5.5569,0.0,-0.85
5.5573,0.0,-0.19
5.6009,0.0,-0.24
5.6012,0.0,0.7
5.6356,0.0,0.6
5.6359,0.0,0.16
5.6811,0.0,0.04
5.6815,0.0,0.62
5.7157,0.0,-0.34
5.7162,0.0,-0.59
5.7618,0.0,-0.72
5.7623,0.0,0.25
5.7966,0.0,0.31
5.7973,0.0,-0.65
5.8406,0.0,0.27
5.841,0.0,-0.71
5.8757,0.0,0.59
5.876,0.0,0.53
5.9215,0.0,-0.08
5.922,0.0,0.26
5.9571,0.0,0.14
5.9575,0.0,-0.09
6.0006,0.0,-0.46
6.001,0.0,-0.46
6.0362,0.0,-0.03
6.0366,0.0,0.71
6.0812,0.0,-1.08
6.0816,0.0,0.1
6.1159,0.0,-0.26
6.1164,0.0,0.83
6.1617,0.0,0.15
6.1622,0.0,0.42
6.1963,0.0,0.66
6.1969,0.0,-0.8
6.2417,0.0,-0.16
6.2421,0.0,-0.59
6.276,0.0,-0.72
6.2765,0.0,0.52
6.3201,0.0,0.2
6.3203,0.0,-1.0
6.3557,0.0,-0.13
6.3559,0.0,0.43
6.4005,0.0,0.48
6.4008,0.0,0.1
6.4359,0.0,0.43
6.4364,0.0,0.52
6.4813,0.0,-0.16
6.4818,0.0,0.08
6.516,0.0,-1.01
6.5165,0.0,-0.27
6.5612,0.0,0.67
6.5617,0.0,-0.4
6.5959,0.0,-0.79
6.5962,0.0,0.43
6.6411,0.0,-0.02
6.6417,0.0,0.32
6.6759,0.0,0.26
6.6763,0.0,0.15
6.7204,0.0,0.41
6.7208,0.0,-0.16
6.7564,0.0,-0.73
6.7569,0.0,-0.39
6.8005,0.0,-0.46
6.8008,0.0,0.2
6.8359,0.0,-0.79
6.8363,0.0,-0.25
6.8799,0.0,-0.01
6.8803,0.0,0.59
6.9156,0.0,0.69
6.9159,0.0,0.1
6.9612,0.0,-0.02
6.9616,0.0,0.37
6.9959,0.0,-0.09
6.9963,0.0,-0.59
7.0398,0.0,-0.85
7.04,0.0,0.21
7.0762,0.0,0.31
7.0766,0.0,-0.85
7.1206,0.0,0.38
7.1211,0.0,-0.25
7.1572,0.0,0.64
7.1578,0.0,0.44
7.2012,0.0,-0.19
7.2016,0.0,0.27
7.236,0.0,0.15
7.2364,0.0,0.03
7.2818,0.0,-0.51
7.2822,0.0,-0.64
7.3157,0.0,0.09
7.316,0.0,0.42
7.3596,0.0,-1.22
7.3598,0.0,0.12
7.3955,0.0,-0.06
7.3958,0.0,0.8
7.4416,0.0,-0.06
7.4422,0.0,0.65
7.476,0.0,0.48
7.4764,0.0,-0.64
7.5213,0.0,-0.19
7.5217,0.0,-0.7
7.5574,0.0,-0.57
7.558,0.0,0.64
7.601,0.0,-0.13
7.6014,0.0,-1.13
7.6361,0.0,-0.11
7.6366,0.0,0.07
7.6811,0.0,0.45
7.6814,0.0,0.13
7.716,0.0,0.01
7.7165,0.0,0.39
7.7614,0.0,-0.5
7.7619,0.0,0.0
7.7961,0.0,-0.83
7.7966,0.0,-0.17
7.8418,0.0,0.4
7.8422,0.0,-0.56
7.8761,0.0,-1.04
7.8765,0.0,0.42
7.9217,0.0,0.41
7.9221,0.0,0.46
7.9571,0.0,0.35
7.9576,0.0,-0.04
8.0009,0.0,0.07
8.0013,0.0,0.01
8.0359,0.0,-0.42
8.0363,0.0,-0.28
8.0828,0.0,-0.11
8.0831,0.0,0.19
8.1159,0.0,-0.82
8.1162,0.0,-0.09
8.1623,0.0,-0.27
8.1629,0.0,0.53
8.1961,0.0,0.78
8.1965,0.0,0.2
8.2417,0.0,0.14
8.2422,0.0,0.46
8.2761,0.0,-0.23
8.2766,0.0,-0.48
8.3207,0.0,-0.61
8.3211,0.0,0.19
8.3569,0.0,0.66
8.3573,0.0,-0.89
8.3993,0.0,0.47
8.3996,0.0,-0.28
8.4357,0.0,0.36
8.436,0.0,0.52
8.4816,0.0,-0.03
8.4819,0.0,0.47
8.5157,0.0,0.18
8.516,0.0,-0.36
8.5621,0.0,-0.16
8.5628,0.0,-0.61
8.5957,0.0,0.3
8.5961,0.0,0.66
8.6421,0.0,-1.11
8.6427,0.0,0.31
8.676,0.0,-0.47
8.6765,0.0,0.83
8.7198,0.0,0.03
8.7201,0.0,0.62
8.7561,0.0,0.66
8.7566,0.0,-0.49
8.8004,0.0,-0.11
8.8007,0.0,-0.68
8.8359,0.0,-0.49
8.8363,0.0,0.61
8.8816,0.0,-0.36
8.882,0.0,-1.03
8.9158,0.0,0.31
8.9161,0.0,0.57
8.9617,0.0,0.86
8.9623,0.0,0.35
8.9961,0.0,0.3
8.9966,0.0,0.29
9.0413,0.0,-0.24
9.0419,0.0,-0.06
9.0763,0.0,-1.04
9.0769,0.0,-0.11
9.1211,0.0,0.18
9.1215,0.0,-0.42
9.1567,0.0,-1.03
9.1572,0.0,0.42
9.2009,0.0,-0.09
9.2013,0.0,0.68
9.2359,0.0,0.25
9.2363,0.0,-0.09
9.2815,0.0,0.36
9.2818,0.0,-0.05
9.3157,0.0,-0.42
9.316,0.0,-0.28
9.3608,0.0,-0.17
9.3612,0.0,0.4
9.3955,0.0,-0.55
9.3958,0.0,-0.09
9.4398,0.0,0.03
9.44,0.0,0.53
9.476,0.0,0.68
9.4764,0.0,0.19
9.521,0.0,-0.16
9.5215,0.0,0.71
9.5572,0.0,-0.18
9.5577,0.0,-0.55
9.6003,0.0,-0.75
9.6007,0.0,0.29
9.6359,0.0,0.6
9.6363,0.0,-0.9
9.6811,0.0,0.35
9.6814,0.0,-0.48
9.7156,0.0,0.51
9.7158,0.0,0.9
9.7607,0.0,-0.18
9.7612,0.0,0.39
9.796,0.0,-0.01
9.7966,0.0,-0.25
9.8405,0.0,-0.5
9.8409,0.0,-0.84
9.8762,0.0,0.16
9.8766,0.0,0.38
9.9208,0.0,-1.28
9.9212,0.0,0.07
9.9574,0.0,-0.55
9.9579,0.0,0.46
10.0006,0.0,0.45
10.001,0.0,0.34
10.0359,0.0,0.75
10.0368,0.0,-0.63
10.0814,0.0,-0.31
10.0819,0.0,-0.56
10.116,0.0,-0.56
10.1165,0.0,0.49
10.1621,0.0,-0.12
10.1626,0.0,-1.12
10.1964,0.0,0.02
10.1969,0.0,0.56
10.241,0.0,0.56
10.2415,0.0,0.13
10.276,0.0,0.01
10.2765,0.0,0.55
10.3213,0.0,-0.37
10.3218,0.0,0.06
10.3576,0.0,-0.97
10.358,0.0,-0.3
10.4011,0.0,0.61
10.4014,0.0,-0.55
10.4355,0.0,-0.68
10.4357,0.0,0.41
10.4797,0.0,0.3
10.4802,0.0,0.62
10.5159,0.0,0.13
10.5163,0.0,0.18
10.5619,0.0,0.12
10.5624,0.0,0.12
10.596,0.0,-0.49
10.5965,0.0,-0.29
10.6418,0.0,-0.36
10.6423,0.0,0.51
10.6765,0.0,-0.55
10.677,0.0,-0.16
10.721,0.0,-0.04
10.7214,0.0,0.31
10.7564,0.0,0.47
10.757,0.0,0.36
10.8007,0.0,0.19
10.8012,0.0,0.5
10.8361,0.0,-0.3
10.8366,0.0,-0.62
10.8811,0.0,-0.48
10.8816,0.0,0.06
10.9157,0.0,0.34
10.9161,0.0,-0.97
10.9614,0.0,0.14
10.9617,0.0,-0.4
10.9963,0.0,0.63
10.9973,0.0,0.58
11.041,0.0,-0.28
11.0415,0.0,0.57
11.076,0.0,0.18
11.0765,0.0,-0.42
11.1205,0.0,-0.82
11.1209,0.0,-0.88
11.157,0.0,0.08
11.1575,0.0,0.51
11.201,0.0,-0.96
11.2014,0.0,0.09
11.236,0.0,-0.33
11.2365,0.0,0.88
11.2818,0.0,0.14
11.2825,0.0,0.52
11.3159,0.0,0.91
11.3163,0.0,-0.49
11.3618,0.0,0.12
11.3624,0.0,-0.48
11.3955,0.0,-0.75
11.3958,0.0,0.41
11.4404,0.0,0.01
11.4407,0.0,-0.74
11.4759,0.0,0.2
11.4763,0.0,0.15
11.5211,0.0,0.57
11.5216,0.0,-0.03
11.557,0.0,0.03
11.5575,0.0,0.31
11.6009,0.0,-0.48
11.6014,0.0,-0.34
11.6362,0.0,-1.02
11.6368,0.0,-0.39
11.6821,0.0,0.48
11.6825,0.0,-0.4
11.7159,0.0,-0.58
11.7162,0.0,0.34
11.7618,0.0,0.22
11.7624,0.0,0.55
11.7965,0.0,0.49
11.797,0.0,0.04
11.8404,0.0,0.15
11.8409,0.0,0.03
11.8758,0.0,-0.21
11.8761,0.0,-0.39
11.9208,0.0,-0.34
11.9212,0.0,0.47
11.9573,0.0,-0.6
11.9578,0.0,-0.03
12.0004,0.0,-0.08
12.0008,0.0,0.59
12.0359,0.0,0.79
12.0364,0.0,0.26
12.0811,0.0,0.03
12.0815,0.0,0.51
12.1158,0.0,-0.42
12.1161,0.0,-0.81
12.163,0.0,-0.67
12.1637,0.0,0.08
12.1959,0.0,0.3
12.1964,0.0,-0.88
12.2415,0.0,0.15
12.2421,0.0,1.58
12.276,0.0,0.77
12.2765,0.0,0.46
12.3209,0.0,-0.11
12.3214,0.0,0.4
12.3566,0.0,0.17
12.3571,0.0,-0.18
12.3995,0.0,-0.69
12.4,0.0,-1.04
12.4356,0.0,0.01
12.4358,0.0,0.24
12.4808,0.0,-0.89
12.4811,0.0,-0.03
12.5159,0.0,-0.03
12.5163,0.0,0.58
12.5624,0.0,0.14
12.563,0.0,0.57
12.5957,0.0,0.71
12.5961,0.0,-0.49
12.6409,0.0,0.01
12.6413,0.0,-0.35
12.6758,0.0,-0.42
12.6761,0.0,0.35
12.7208,0.0,-0.17
12.7211,0.0,-1.03
12.7569,0.0,0.09
12.7575,0.0,0.52
12.8014,0.0,0.67
12.8019,0.0,-0.03
12.836,0.0,0.25
12.8365,0.0,0.4
12.8816,0.0,-0.23
12.8821,0.0,-0.17
12.9156,0.0,-1.11
12.916,0.0,-0.29
12.9616,0.0,0.62
12.9621,0.0,-0.75
12.9964,0.0,-0.74
12.997,0.0,0.48
13.0414,0.0,0.14
13.042,0.0,0.68
13.0763,0.0,0.52
13.0769,0.0,0.19
13.1207,0.0,0.12
13.1211,0.0,-0.12
13.157,0.0,-0.43
13.1575,0.0,-0.23
13.2008,0.0,-0.3
13.2012,0.0,0.23
13.2356,0.0,-0.49
13.2359,0.0,-0.29
13.2805,0.0,-0.22
13.281,0.0,0.57
13.3159,0.0,0.42
13.3164,0.0,0.36
13.3625,0.0,0.13
13.3631,0.0,0.4
13.3952,0.0,-0.06
13.3955,0.0,-0.29
13.4399,0.0,-0.62
13.4402,0.0,0.45
13.4758,0.0,0.18
13.4761,0.0,-0.83
13.5197,0.0,0.19
13.5201,0.0,-0.22
13.5559,0.0,0.41
13.5561,0.0,0.51
13.5996,0.0,-0.17
13.5998,0.0,0.45
13.6356,0.0,0.38
13.6358,0.0,-0.45
13.6798,0.0,-0.5
13.68,0.0,-0.57
13.7155,0.0,-0.01
13.7157,0.0,0.38
13.761,0.0,-0.91
13.7616,0.0,-0.11
13.796,0.0,-0.23
13.7964,0.0,0.9
13.8408,0.0,0.18
13.8412,0.0,0.5
13.8762,0.0,0.69
13.8767,0.0,-0.51
13.9209,0.0,-0.19
13.9213,0.0,-0.91
13.957,0.0,-0.63
13.9575,0.0,0.44
14.0013,0.0,-0.12
14.0017,0.0,-1.28
14.036,0.0,0.02
14.0365,0.0,0.36
14.0815,0.0,0.67
14.0819,0.0,0.35
14.1157,0.0,0.24
14.116,0.0,0.49
14.1616,0.0,-0.19
14.1622,0.0,-0.13
14.1965,0.0,-0.91
14.1972,0.0,-0.18
14.2409,0.0,0.39
14.2414,0.0,-0.35
14.276,0.0,-0.67
14.2766,0.0,0.48
14.321,0.0,0.03
14.3215,0.0,0.47
14.357,0.0,0.31
14.3575,0.0,0.2
14.4006,0.0,0.35
14.4009,0.0,0.06
14.4358,0.0,-0.3
14.4362,0.0,-0.36
14.4806,0.0,-0.43
14.481,0.0,0.23
14.516,0.0,-0.76
14.5164,0.0,-0.48
14.5619,0.0,-0.22
14.5624,0.0,0.42
14.5958,0.0,0.58
14.5962,0.0,0.3
14.6399,0.0,0.13
14.6401,0.0,0.56
14.6756,0.0,-0.23
14.6759,0.0,-0.48
14.7207,0.0,-0.61
14.7211,0.0,0.35
14.7567,0.0,0.18
14.7572,0.0,-0.42
14.8012,0.0,0.41
14.8016,0.0,-0.35
14.8359,0.0,0.46
14.8363,0.0,0.72
14.8815,0.0,0.07
14.882,0.0,0.66
14.9161,0.0,0.11
14.9165,0.0,-0.13
14.9612,0.0,-0.5
14.9618,0.0,-0.63
14.996,0.0,-0.01
14.9964,0.0,0.79
15.0411,0.0,-0.84
15.0416,0.0,0.23
15.0758,0.0,-0.17
15.0762,0.0,0.66
15.1217,0.0,0.23
15.1221,0.0,0.23
15.156,0.0,0.59
15.1568,0.0,-0.64
15.2008,0.0,-0.07
15.2012,0.0,-0.63
15.2363,0.0,-0.7
15.2367,0.0,0.54
15.2806,0.0,-0.19
15.281,0.0,-0.76
15.3155,0.0,0.18
15.3158,0.0,0.45
15.3611,0.0,0.4
15.3615,0.0,0.12
15.3954,0.0,0.23
15.3959,0.0,0.33
15.4401,0.0,-0.44
15.4403,0.0,-0.18
15.4757,0.0,-0.97
15.4761,0.0,-0.24
15.5207,0.0,0.4
15.5211,0.0,-0.3
15.5569,0.0,-0.97
15.5573,0.0,0.36
15.6002,0.0,0.3
15.6007,0.0,0.76
15.636,0.0,0.35
15.6365,0.0,0.01
15.682,0.0,0.39
15.6824,0.0,-0.25
15.716,0.0,-0.24
15.7165,0.0,-0.12
15.7615,0.0,-0.56
15.7621,0.0,0.39
15.796,0.0,-0.63
15.7965,0.0,-0.11
15.8421,0.0,-0.05
15.8425,0.0,0.35
15.8759,0.0,0.72
15.8768,0.0,0.12
15.9204,0.0,0.01
15.9206,0.0,0.64
15.9568,0.0,-0.38
15.9572,0.0,-0.7
16.0009,0.0,-0.9
16.0012,0.0,0.33
16.0358,0.0,0.05
16.0362,0.0,-0.63
16.0809,0.0,0.23
16.0813,0.0,-0.42
16.1161,0.0,0.71
16.1165,0.0,0.71
16.1609,0.0,0.06
16.1615,0.0,0.34
16.1963,0.0,-0.01
16.1968,0.0,-0.07
16.241,0.0,-0.37
16.2415,0.0,-0.7
16.2758,0.0,0.27
16.2763,0.0,0.54
16.3207,0.0,-1.13
16.3211,0.0,0.23
16.3569,0.0,-0.42
16.3574,0.0,0.8
16.3998,0.0,0.18
16.4001,0.0,0.45
16.4356,0.0,0.49
16.4359,0.0,-0.7
16.4806,0.0,-0.13
16.4809,0.0,-0.84
16.5155,0.0,-0.77
16.5158,0.0,0.44
16.5624,0.0,-0.13
16.563,0.0,-0.84
16.5955,0.0,0.18
16.5958,0.0,0.12
16.6399,0.0,0.55
16.6401,0.0,0.01
16.6757,0.0,0.01
16.6761,0.0,0.55
16.7199,0.0,-0.37
16.7201,0.0,-0.06
16.7558,0.0,-0.83
16.7561,0.0,-0.05
16.8004,0.0,0.55
16.8008,0.0,-0.43
16.8359,0.0,-0.82
16.8364,0.0,0.62
16.8815,0.15,32.2
16.8819,0.15,34.82
16.9158,0.15,33.84
16.9163,0.15,28.37
16.962,0.0,7.7
16.9625,0.0,0.18
16.9961,0.0,-0.66
16.9965,0.0,-0.79
17.0398,0.0,-0.4
17.04,0.0,0.5
17.076,0.0,-0.87
17.0765,0.0,-0.33
17.1211,0.0,-0.27
17.1215,0.0,0.24
17.1572,0.0,0.4
17.1576,0.0,0.13
17.2014,0.0,-0.1
17.2019,0.0,0.45
17.2359,0.0,-0.33
17.2364,0.0,-0.79
17.2817,0.0,-0.92
17.2821,0.0,0.3
17.3158,0.0,0.18
17.3163,0.0,-1.14
17.3611,0.0,0.19
17.3619,0.0,-0.46
17.3961,0.0,0.35
17.3965,0.0,0.65
17.441,0.0,-0.21
17.4418,0.0,0.5
17.4758,0.0,0.18
17.4762,0.0,-0.4
17.521,0.0,-0.79
17.5217,0.0,-0.46
17.5576,0.0,0.34
17.5581,0.0,0.12
17.6013,0.0,-1.08
17.6017,0.0,0.07
17.6355,0.0,-0.35
17.6357,0.0,0.78
17.68,0.0,0.06
17.6803,0.0,0.28
17.7158,0.0,0.59
17.7162,0.0,-0.87
17.7613,0.0,-0.16
17.7618,0.0,-0.86
17.7962,0.0,-0.86
17.7968,0.0,0.4
17.8414,0.0,-0.16
17.8419,0.0,-1.3
17.8759,0.0,-0.15
17.8763,0.0,0.35
17.9206,0.0,0.6
17.921,0.0,0.34
17.9572,0.0,-0.04
17.9577,0.0,0.39
18.0012,0.0,-0.16
18.0015,0.0,0.02
18.0361,0.0,-0.79
18.0366,0.0,-0.4
18.0814,0.0,0.33
18.0817,0.0,-0.41
18.1158,0.0,-0.66
18.1163,0.0,0.12
18.1621,0.0,0.18
18.1626,0.0,0.53
18.1962,0.0,0.22
18.1971,0.0,0.06
18.2416,0.0,0.23
18.242,0.0,-0.35
18.276,0.0,-0.6
18.2764,0.0,-0.34
18.3211,0.0,-0.28
18.3216,0.0,0.23
18.3578,0.0,-0.73
18.3583,0.0,-0.16
18.3993,0.0,-0.05
18.3995,0.0,0.39
18.4354,0.0,0.33
18.4356,0.0,0.38
18.4811,0.0,0.11
18.4814,0.0,0.53
18.5159,0.0,-0.87
18.5164,0.0,-0.67
18.562,0.0,-0.94
18.5625,0.0,0.01
18.5957,0.0,0.38
18.5962,0.0,-0.81
18.6404,0.0,0.22
18.6408,0.0,-0.55
18.6756,0.0,0.43
18.6759,0.0,0.42
18.721,0.0,-0.12
18.7213,0.0,0.27
18.7566,0.0,0.04
18.7571,0.0,-0.24
18.8017,0.0,-0.36
18.8022,0.0,-0.75
18.8359,0.0,0.26
18.8363,0.0,0.52
18.8802,0.0,-1.49
18.881,0.0,0.05
18.9156,0.0,-0.19
18.9161,0.0,0.57
18.962,0.0,0.16
18.9629,0.0,0.44
18.9965,0.0,0.58
18.9973,0.0,-0.72
19.0413,0.0,-0.02
19.0418,0.0,-0.64
19.0764,0.0,-0.78
19.0769,0.0,0.63
19.1209,0.0,-0.14
19.1213,0.0,-0.99
19.1574,0.0,0.28
19.1579,0.0,0.11
19.2013,0.0,0.49
19.2017,0.0,0.05
19.2359,0.0,0.33
19.2366,0.0,0.26
19.2816,0.0,-0.52
19.282,0.0,0.04
19.3159,0.0,-1.07
19.3163,0.0,-0.26
19.3615,0.0,0.43
19.3621,0.0,-0.45
19.3961,0.0,-0.84
19.3967,0.0,0.39
19.4405,0.0,0.17
19.441,0.0,0.65
19.476,0.0,0.11
19.4765,0.0,0.11
19.5214,0.0,0.43
19.5219,0.0,-0.2
19.5568,0.0,-0.51
19.5572,0.0,-0.44
19.6007,0.0,-0.01
19.6011,0.0,0.32
19.6361,0.0,-0.64
19.6366,0.0,-0.06
19.6801,0.0,0.0
19.6804,0.0,0.8
19.7158,0.0,0.6
19.7161,0.0,0.05
19.7611,0.0,-0.07
19.7617,0.0,0.53
19.7958,0.0,-0.27
19.7963,0.0,-0.58
19.8412,0.0,-0.51
19.8419,0.0,0.2
19.8763,0.0,0.36
19.8769,0.0,-0.86
19.9208,0.0,0.48
19.9213,0.0,-0.38
19.9574,0.0,0.49
19.9579,0.0,0.69
20.0015,0.0,-0.19
20.0019,0.0,0.32
20.0358,0.0,0.2
20.0362,0.0,-0.39
20.0813,0.0,-0.51
20.0817,0.0,-0.58
20.1158,0.0,0.21
20.1162,0.0,0.47
20.1609,0.0,-1.22
20.1613,0.0,0.17
20.1963,0.0,-0.3
20.1967,0.0,0.7
20.2418,0.0,0.06
20.2427,0.0,0.49
20.2759,0.0,0.78
20.2764,0.0,-0.72
20.3214,0.0,-0.02
20.3218,0.0,-0.57
20.3573,0.0,-0.57
20.3579,0.0,0.16
20.4006,0.0,-0.01
20.4009,0.0,-1.06
20.4355,0.15,12.73
20.4357,0.15,32.41
20.4799,0.85,38.13
20.4801,0.85,32.9
20.5159,0.85,16.31
20.5164,0.0,1.17
20.562,0.0,-0.56
20.5626,0.0,0.12
20.5959,0.0,-1.26
20.5966,0.0,-0.1
20.64,0.0,0.45
20.6402,0.0,-0.36
20.6754,0.0,-0.9
20.6756,0.0,0.3
20.7199,0.0,0.18
20.7202,0.0,0.45
20.7558,0.0,0.34
20.756,0.0,0.12
20.7995,0.0,0.4
20.7997,0.0,0.12
20.8355,0.0,-0.42
20.8357,0.0,-0.16
20.8796,0.0,-0.35
20.8798,0.0,0.46
20.9155,0.0,-0.9
20.9158,0.0,-0.1
20.9606,0.0,-0.27
20.9612,0.0,1.48
20.9956,0.85,26.64
20.996,0.85,47.13
21.0399,0.85,35.05
21.0402,0.85,56.13
21.0755,0.85,57.63
21.0757,0.85,53.57
21.1194,0.85,32.84
21.1197,0.85,27.18
21.1562,0.85,19.75
21.1568,0.15,23.35
21.201,0.15,23.3
21.2013,0.15,12.45
21.2354,0.15,11.05
21.2356,0.15,25.49
21.2802,0.85,43.27
21.2805,0.85,50.13
21.3156,0.85,49.13
21.3158,0.85,42.56
21.3612,0.85,37.7
21.3617,0.85,55.09
21.3956,0.85,53.28
21.3959,0.85,48.48
21.4401,0.85,43.67
21.4407,0.85,36.17
21.4757,0.85,49.14
21.476,0.85,58.68
21.52,0.85,55.05
21.5202,0.85,49.33
21.5572,0.85,40.19
21.5578,0.85,27.25
21.6013,0.85,16.34
21.6016,0.85,22.98
21.6359,0.85,27.95
21.6364,0.85,26.12
21.6812,0.0,7.17
21.6817,0.0,1.63
21.7159,0.0,0.37
21.7163,0.0,0.52
21.7616,0.0,0.81
21.7623,0.0,6.28
21.796,0.85,27.39
21.7964,0.85,50.35
21.8401,0.85,44.76
21.8403,0.85,31.5
21.8756,0.85,35.93
21.8759,0.85,27.99
21.9202,0.15,25.14
21.9204,0.15,16.15
21.956,0.15,30.23
21.9564,0.15,17.67
22.0004,0.0,2.65
22.0007,0.0,0.85
22.0357,0.0,4.56
22.036,0.15,16.85
22.0808,0.15,10.21
22.0811,0.0,6.22
22.1156,0.0,3.55
22.1158,0.0,0.2
22.1602,0.0,-1.0
22.1605,0.0,0.19
22.196,0.0,-1.13
22.1966,0.0,-0.56
22.2411,0.0,-0.56
22.2416,0.0,0.05
22.2763,0.0,0.15
22.2769,0.0,-0.23
22.3205,0.0,-0.45
22.3209,0.0,-0.35
22.3559,0.15,28.55
22.3563,0.85,49.05
22.4014,0.85,47.01
22.4018,0.85,31.61
22.4355,0.85,19.6
22.4357,0.0,-0.47
22.4804,0.0,0.02
22.4808,0.0,-0.04
22.5154,0.0,0.3
22.5156,0.0,1.6
22.5612,0.85,9.89
22.5616,0.85,10.89
22.5956,0.15,9.97
22.5959,0.0,5.77
22.6399,0.0,6.16
22.6402,0.15,9.3
22.676,0.0,3.79
22.6765,0.0,0.14
22.7212,0.0,-1.64
22.7217,0.0,-0.69
22.7557,0.0,-0.63
22.756,0.85,37.54
22.802,0.85,36.2
22.8025,0.85,25.54
22.8357,0.0,7.36
22.8361,0.0,-1.18
22.8806,0.0,-0.87
22.8809,0.0,-1.77
22.9158,0.85,11.71
22.9162,0.85,31.78
22.9616,0.15,41.46
22.9621,0.15,38.26
22.9955,0.15,36.69
22.9957,0.15,37.12
23.0401,0.15,27.48
23.0404,0.0,0.19
23.0754,0.0,-0.83
23.0757,0.0,-0.39
23.1198,0.0,-1.56
23.12,0.0,-0.81
23.1559,0.0,-1.42
23.1563,0.0,-1.04
23.1998,0.0,-0.23
23.2001,0.0,-0.99
23.2353,0.0,-1.56
23.2355,0.0,-0.33
23.2806,0.0,-0.76
23.2813,0.0,-0.66
23.3159,0.0,-1.06
23.3163,0.0,-0.94
23.3609,0.0,-0.77
23.3614,0.0,-1.11
23.3959,0.0,2.54
23.3963,0.0,3.63
23.439,0.15,21.38
23.4391,0.15,22.45
23.4755,0.15,8.47
23.4757,0.0,-0.9
23.5201,0.0,-0.63
23.5203,0.0,-0.29
23.5565,0.0,-0.82
23.5569,0.0,0.25
23.6007,0.0,-0.56
23.601,0.0,-0.27
23.6357,0.0,-1.13
23.6362,0.0,-1.44
23.6817,0.0,-1.76
23.6821,0.0,-0.89
23.7157,0.0,-0.21
23.7161,0.0,-2.26
23.7613,0.0,-0.77
23.7618,0.0,-1.29
23.7959,0.0,-0.46
23.7963,0.0,-0.73
23.841,0.0,-0.63
23.8413,0.0,-0.53
23.8759,0.0,-0.54
23.8768,0.0,-1.26
23.921,0.0,-1.51
23.9214,0.0,-1.91
23.9569,0.0,-0.97
23.9574,0.0,-0.29
24.0009,0.0,-1.92
24.0012,0.0,-1.14
24.0356,0.0,-0.76
24.0359,0.0,-0.06
24.0799,0.0,0.06
24.0802,0.0,-0.51
24.1156,0.0,0.06
24.1158,0.0,-1.24
24.1596,0.0,-0.94
24.1598,0.0,-1.81
24.1956,0.0,-1.48
24.1959,0.0,-0.51
24.2402,0.0,-0.84
24.2404,0.0,-2.24
24.2758,0.0,-1.06
24.2762,0.0,-0.57
24.3213,0.0,-0.9
24.3217,0.0,-0.47
24.3561,0.0,-0.96
24.3564,0.0,-0.31
24.4005,0.0,-0.95
24.4008,0.0,-0.77
24.4355,0.0,-1.75
24.4358,0.0,-1.2
24.4802,0.0,-0.32
24.4805,0.0,-0.8
24.5155,0.0,-1.56
24.5157,0.0,-0.21
24.5603,0.0,-0.54
24.5605,0.0,0.09
24.5955,0.0,-0.33
24.5958,0.0,-0.49
24.641,0.0,-0.23
24.6413,0.0,-0.61
24.6755,0.0,-1.37
24.6757,0.0,-0.9
24.7199,0.0,-1.02
24.7201,0.0,-0.26
24.7559,0.0,-1.27
24.7564,0.0,-0.94
24.8004,0.0,-0.88
24.8006,0.0,0.06
24.8355,0.0,-0.3
24.8358,0.0,-0.35
24.8808,0.0,-0.79
24.8811,0.0,0.23
24.9158,0.0,-0.31
24.9162,0.0,-0.43
24.9617,0.0,-0.6
24.9625,0.0,-0.36
24.9959,0.0,0.08
24.9966,0.0,-0.99
25.0416,0.0,0.22
25.042,0.0,-0.35
25.0757,0.0,0.51
25.076,0.0,0.4
25.1203,0.0,-0.36
25.1205,0.0,0.15
25.1564,0.0,-0.07
25.1569,0.0,-0.24
25.2003,0.0,-0.54
25.2006,0.0,0.74
25.2356,0.15,29.49
25.2359,0.15,26.66
25.2802,0.0,0.19
25.2805,0.0,-0.2
25.3156,0.0,-0.14
25.3158,0.0,1.12
25.3608,0.0,0.22
25.3612,0.0,0.22
25.3958,0.0,0.71
25.3961,0.0,-0.47
25.4393,0.0,-0.17
25.4395,0.0,-0.65
25.4755,0.0,7.26
25.4757,0.15,22.34
25.5208,0.0,-0.79
25.5212,0.0,-1.13
25.5576,0.0,-0.06
25.5581,0.0,-0.0
25.6007,0.0,0.05
25.6011,0.0,-0.0
25.636,0.0,0.27
25.6364,0.0,0.22
25.6803,0.0,-0.45
25.6808,0.0,-0.33
25.7157,0.0,-0.76
25.716,0.0,-0.39
25.7619,0.0,0.17
25.7629,0.0,-0.38
25.7959,0.0,-1.18
25.7964,0.0,0.18
25.8414,0.0,0.01
25.842,0.0,0.43
25.8759,0.0,0.17
25.8763,0.0,-0.33
25.9207,0.0,0.12
25.9211,0.0,-0.04
25.9573,0.0,-0.7
25.9577,0.0,-0.83
26.001,0.0,-0.21
26.0014,0.15,29.54
26.0359,0.85,49.31
26.0364,0.85,46.98
26.0816,0.85,39.94
26.082,0.85,31.38
26.1157,0.85,32.67
26.1161,0.85,13.06
26.1619,0.0,4.2
26.1624,0.0,6.25
26.1962,0.15,10.94
26.1968,0.0,6.83
26.2413,0.0,3.69
26.2418,0.0,1.97
26.2761,0.15,8.2
26.2766,0.15,21.08
26.3207,0.15,40.07
26.3212,0.15,38.8
26.3572,0.85,36.89
26.3577,0.85,29.4
26.4008,0.85,22.35
26.4012,0.85,31.75
26.436,0.85,37.71
26.4364,0.85,40.05
26.4809,0.85,39.01
26.4813,0.85,39.83
26.5158,0.85,36.5
26.5161,0.85,32.61
26.5609,0.85,24.88
26.5613,0.85,22.28
26.5964,0.85,20.37
26.5969,0.85,32.87
26.641,0.85,43.88
26.6415,0.85,55.23
26.6757,0.85,46.86
26.6761,0.85,51.43
26.7208,0.85,50.81
26.7211,0.85,50.37
26.7576,0.85,42.05
26.7582,0.85,38.7
26.8014,0.85,35.79
26.8018,0.85,10.69
26.8357,0.0,0.29
26.836,0.85,12.24
26.882,0.85,25.79
26.8825,0.85,22.58
26.9159,0.85,20.46
26.9163,0.15,9.75
26.9617,0.0,1.19
26.9623,0.0,0.85
26.996,0.0,-0.61
26.9966,0.0,0.08
27.0399,0.0,0.03
27.0402,0.0,-0.69
27.0758,0.0,-0.25
27.0762,0.0,0.11
27.1217,0.0,0.06
27.1223,0.0,-0.06
27.1559,0.0,-0.16
27.1564,0.0,-0.6
27.2009,0.0,0.46
27.2013,0.15,26.68
27.2358,0.85,38.01
27.2361,0.85,42.01
27.2812,0.85,47.01
27.2816,0.85,51.32
27.3157,0.85,48.76
27.316,0.85,47.71
27.3614,0.85,43.39
27.3619,0.85,35.64
27.3962,0.85,27.9
27.3969,0.0,3.5
27.4394,0.0,-0.01
27.4396,0.0,0.18
27.4754,0.0,-0.6
27.4756,0.0,-0.6
27.5208,0.0,-1.42
27.5212,0.0,-0.61
27.5564,0.0,-0.33
27.5569,0.0,-1.02
27.6004,0.0,-0.28
27.6008,0.85,22.61
27.6359,0.85,32.56
27.6363,0.85,36.25
27.6799,0.85,33.3
27.6801,0.85,26.48
27.7157,0.85,8.52
27.7161,0.0,-0.96
27.761,0.0,-1.09
27.7615,0.0,-1.2
27.7964,0.0,-0.76
27.7969,0.0,-0.53
27.8412,0.0,-1.9
27.8416,0.0,-0.52
27.8756,0.0,-0.58
27.876,0.0,-0.0
27.9215,0.0,-0.37
27.922,0.0,0.04
27.9564,0.0,0.35
27.9569,0.0,-0.85
28.0007,0.0,-0.79
28.0011,0.0,-0.73
28.0361,0.0,-1.22
28.0367,0.0,0.08
28.0819,0.0,-0.85
28.0823,0.0,-1.55
28.1158,0.0,-0.27
28.1162,0.0,-0.33
28.1603,0.0,0.17
28.1608,0.0,-0.39
28.196,0.0,-0.67
28.1964,0.0,-0.51
28.2415,0.0,-1.36
28.2419,0.0,-0.39
28.2757,0.0,-1.22
28.2761,0.0,-1.14
28.3211,0.0,-0.17
28.3215,0.0,-1.2
28.3568,0.0,-1.54
28.3572,0.0,-0.64
28.4014,0.0,-0.82
28.4018,0.0,-0.52
28.4358,0.0,-0.46
28.436,0.0,-0.25
28.4796,0.0,-0.1
28.4798,0.0,-0.57
28.5157,0.0,-0.51
28.5161,0.85,34.58
28.5608,0.85,42.89
28.561,0.85,29.03
28.596,0.0,5.22
28.5964,0.0,-1.18
28.6391,0.0,-0.63
28.6394,0.0,-0.05
28.6755,0.0,-0.11
28.6757,0.0,-0.1
28.7196,0.0,-0.16
28.7198,0.0,0.45
28.7561,0.0,-0.13
28.7564,0.0,-1.05
28.8005,0.0,-0.85
28.801,0.0,-0.28
28.8358,0.0,-0.18
28.8362,0.0,-0.67
28.8809,0.0,-0.61
28.8813,0.0,-0.45
28.9159,0.0,-0.18
28.9163,0.0,0.11
28.9617,0.0,-0.35
28.9623,0.0,-0.36
28.9959,0.0,-0.37
28.9964,0.0,-0.76
29.0415,0.0,-0.7
29.0419,0.0,-1.52
29.0761,0.0,-0.19
29.0767,0.0,-0.4
29.1207,0.0,-1.96
29.121,0.0,0.36
29.1568,0.85,20.26
29.1573,0.85,30.39
29.201,0.85,28.19
29.2013,0.0,6.83
29.2364,0.0,-0.36
29.2369,0.0,-0.92
29.2811,0.0,-0.64
29.2815,0.0,-1.35
29.3159,0.0,-1.24
29.3163,0.0,-0.05
29.3619,0.0,-0.64
29.3624,0.0,-1.15
29.3958,0.0,-0.31
29.3961,0.0,0.13
29.4418,0.0,0.33
29.4421,0.0,0.13
29.476,0.0,0.02
29.4764,0.0,-0.03
29.521,0.0,-0.6
29.5214,0.0,-0.19
29.5566,0.0,-1.31
29.5571,0.0,-0.51
29.6007,0.0,0.0
29.601,0.0,-0.82
29.6359,0.0,-1.0
29.6367,0.0,-0.04
29.6797,0.0,-0.14
29.6799,0.0,0.34
29.7157,0.0,0.28
29.7161,0.0,-0.2
29.762,0.0,-0.15
29.7628,0.0,-0.44
29.7962,0.0,-0.88
29.7967,0.0,-0.62
29.8416,0.0,-0.61
29.8421,0.0,-0.2
29.8761,0.0,-0.87
29.8766,0.0,-0.49
29.9204,0.0,-0.37
29.9207,0.0,-0.08
29.9567,0.0,0.22
29.9571,0.0,-0.05
30.0007,0.0,-0.51
