timestamp,session_id,turn,eou_delay,llm_ttft,tts_ttfb,total
1782659022,105a32f9-5fa8-443a-9ed1-42d694f79d58,1,0.350,1.476,0.269,2.096
1782659033,105a32f9-5fa8-443a-9ed1-42d694f79d58,2,0.351,0.755,0.308,1.414
1782659059,105a32f9-5fa8-443a-9ed1-42d694f79d58,3,0.351,1.004,0.258,1.613
1782734051,b2a82168-fc75-4404-b14e-f111ce088ae6,1,0.351,0.575,0.413,1.339
1782734068,b2a82168-fc75-4404-b14e-f111ce088ae6,2,0.351,0.712,0.268,1.330
1782734087,b2a82168-fc75-4404-b14e-f111ce088ae6,3,0.351,0.897,0.359,1.607
1782734109,b2a82168-fc75-4404-b14e-f111ce088ae6,4,0.352,3.374,0.297,4.022
1782734548,508774f6-eef6-4d10-8865-231eaf426b0b,1,0.351,1.455,0.367,2.173
1782734551,508774f6-eef6-4d10-8865-231eaf426b0b,2,0.000,0.969,0.276,1.245
1782734558,508774f6-eef6-4d10-8865-231eaf426b0b,3,0.352,1.759,0.353,2.464
1782734571,508774f6-eef6-4d10-8865-231eaf426b0b,4,0.351,1.436,0.363,2.149
1782734599,508774f6-eef6-4d10-8865-231eaf426b0b,5,0.351,4.006,0.295,4.652
1782734625,508774f6-eef6-4d10-8865-231eaf426b0b,6,0.351,0.734,0.273,1.358
1782734665,508774f6-eef6-4d10-8865-231eaf426b0b,7,0.351,0.788,0.356,1.495
1782734689,508774f6-eef6-4d10-8865-231eaf426b0b,8,0.351,0.935,0.291,1.577
1782735226,e6ee5b03-0114-40f3-893d-d29efe3797a2,1,0.351,1.465,0.268,2.084
1782735232,e6ee5b03-0114-40f3-893d-d29efe3797a2,2,0.000,1.095,0.260,1.355
1782735239,e6ee5b03-0114-40f3-893d-d29efe3797a2,3,0.350,0.934,0.364,1.648
1782735249,e6ee5b03-0114-40f3-893d-d29efe3797a2,4,0.351,0.593,0.277,1.221
1782735285,e6ee5b03-0114-40f3-893d-d29efe3797a2,5,0.352,0.707,0.311,1.370
1782735395,39632991-7bdf-42d5-b133-0746b795d8ea,1,0.350,1.247,0.268,1.866
1782735509,088910ed-7e39-4c32-817c-38055e24f776,1,0.351,2.490,0.244,3.085
1782735519,088910ed-7e39-4c32-817c-38055e24f776,2,0.351,0.597,0.264,1.213
1782735531,088910ed-7e39-4c32-817c-38055e24f776,3,0.351,0.569,0.319,1.238
1782735554,088910ed-7e39-4c32-817c-38055e24f776,4,0.351,0.616,0.283,1.250
1782735578,088910ed-7e39-4c32-817c-38055e24f776,5,0.351,1.072,0.443,1.865
1782735597,088910ed-7e39-4c32-817c-38055e24f776,6,0.352,0.678,0.296,1.326
1782735616,088910ed-7e39-4c32-817c-38055e24f776,7,0.351,0.739,0.251,1.341
1782735646,088910ed-7e39-4c32-817c-38055e24f776,8,0.351,0.433,0.331,1.115
1782736166,e680efe9-e42f-41a5-810a-c5bfe94f47fa,1,0.351,1.119,0.260,1.730
1782736551,3e4a608b-c8a8-4196-a5da-6f397df3026e,1,0.351,0.729,0.257,1.336
1782736562,3e4a608b-c8a8-4196-a5da-6f397df3026e,2,0.351,0.725,0.278,1.355
1782736575,3e4a608b-c8a8-4196-a5da-6f397df3026e,3,0.351,0.685,0.285,1.321
1782736592,3e4a608b-c8a8-4196-a5da-6f397df3026e,4,0.351,0.978,0.326,1.656
1782736610,3e4a608b-c8a8-4196-a5da-6f397df3026e,5,0.351,0.819,0.293,1.462
1782736628,3e4a608b-c8a8-4196-a5da-6f397df3026e,6,0.351,0.897,0.324,1.572
1782736647,3e4a608b-c8a8-4196-a5da-6f397df3026e,7,0.351,0.668,0.312,1.331
1782736668,3e4a608b-c8a8-4196-a5da-6f397df3026e,8,0.351,0.801,0.331,1.483
1782736689,3e4a608b-c8a8-4196-a5da-6f397df3026e,9,0.351,0.808,0.304,1.463
1782736717,3e4a608b-c8a8-4196-a5da-6f397df3026e,10,0.351,0.615,0.290,1.256
1782736742,3e4a608b-c8a8-4196-a5da-6f397df3026e,11,0.351,0.754,0.347,1.451
1782736767,3e4a608b-c8a8-4196-a5da-6f397df3026e,12,0.352,0.630,0.291,1.272
1782736786,3e4a608b-c8a8-4196-a5da-6f397df3026e,13,0.351,0.684,0.271,1.306
1782737441,cd67c708-885a-4a41-95bd-8671ec75d78c,1,0.351,1.446,0.255,2.053
1782737452,cd67c708-885a-4a41-95bd-8671ec75d78c,2,0.351,0.573,0.268,1.192
1782737462,cd67c708-885a-4a41-95bd-8671ec75d78c,3,0.351,0.611,0.266,1.228
1782737479,cd67c708-885a-4a41-95bd-8671ec75d78c,4,0.351,0.526,0.358,1.235
1782737509,cd67c708-885a-4a41-95bd-8671ec75d78c,5,0.352,0.407,0.327,1.086
1782737541,cd67c708-885a-4a41-95bd-8671ec75d78c,6,0.351,0.704,0.337,1.392
1782737562,cd67c708-885a-4a41-95bd-8671ec75d78c,7,0.350,0.733,0.381,1.465
1782737583,cd67c708-885a-4a41-95bd-8671ec75d78c,8,0.351,1.098,0.252,1.701
1782737611,cd67c708-885a-4a41-95bd-8671ec75d78c,9,0.350,0.988,0.361,1.698
1782738361,c6116324-d79b-47a4-8cf7-a30519b75809,1,0.352,2.128,0.269,2.749
1782738376,c6116324-d79b-47a4-8cf7-a30519b75809,2,0.351,0.441,0.272,1.064
1782738394,c6116324-d79b-47a4-8cf7-a30519b75809,3,0.351,1.023,0.292,1.666
1782738444,c6116324-d79b-47a4-8cf7-a30519b75809,4,0.351,1.737,0.350,2.438
1782738473,c6116324-d79b-47a4-8cf7-a30519b75809,5,0.350,1.116,0.378,1.844
1782738499,c6116324-d79b-47a4-8cf7-a30519b75809,6,0.352,0.636,0.289,1.277
1782738530,c6116324-d79b-47a4-8cf7-a30519b75809,7,0.351,1.085,0.321,1.756
1782738554,c6116324-d79b-47a4-8cf7-a30519b75809,8,0.352,0.970,0.300,1.622
1782738568,c6116324-d79b-47a4-8cf7-a30519b75809,9,0.351,0.726,0.335,1.412
1782738588,c6116324-d79b-47a4-8cf7-a30519b75809,10,0.351,0.921,0.342,1.613
1782738608,c6116324-d79b-47a4-8cf7-a30519b75809,11,0.351,0.699,0.274,1.323
1782738625,c6116324-d79b-47a4-8cf7-a30519b75809,12,0.352,0.698,0.264,1.314
1782738647,c6116324-d79b-47a4-8cf7-a30519b75809,13,0.351,0.596,0.325,1.272
1782793538,50330f86-5f5c-486a-b990-8d4b84db3dc8,1,0.201,1.952,0.241,2.395
1782793545,50330f86-5f5c-486a-b990-8d4b84db3dc8,2,0.201,0.544,0.274,1.019
1782793593,50330f86-5f5c-486a-b990-8d4b84db3dc8,3,0.201,33.140,0.264,33.606
1782793613,50330f86-5f5c-486a-b990-8d4b84db3dc8,4,0.201,1.014,0.300,1.515
1782793632,50330f86-5f5c-486a-b990-8d4b84db3dc8,5,0.200,0.773,0.251,1.224
1782793650,50330f86-5f5c-486a-b990-8d4b84db3dc8,6,0.202,0.738,0.253,1.193
1782793661,50330f86-5f5c-486a-b990-8d4b84db3dc8,7,0.201,0.698,0.320,1.220
1782793674,50330f86-5f5c-486a-b990-8d4b84db3dc8,8,0.200,0.839,0.246,1.285
1782793686,50330f86-5f5c-486a-b990-8d4b84db3dc8,9,0.257,3.601,0.240,4.097
1782793939,412b9766-17f8-47ec-b012-46aa4f28b917,1,0.202,1.952,0.254,2.408
1782793954,412b9766-17f8-47ec-b012-46aa4f28b917,2,0.200,0.911,0.323,1.435
1782793978,412b9766-17f8-47ec-b012-46aa4f28b917,3,0.201,0.695,0.401,1.298
1782794006,412b9766-17f8-47ec-b012-46aa4f28b917,4,0.257,0.735,0.268,1.260
1782796568,58c04c21-d386-4c6c-b591-fbbcbec21c45,1,0.314,1.633,0.263,2.210
1782796581,58c04c21-d386-4c6c-b591-fbbcbec21c45,2,0.302,0.847,0.340,1.489
1782796589,58c04c21-d386-4c6c-b591-fbbcbec21c45,3,0.300,0.683,0.239,1.222
1782796599,58c04c21-d386-4c6c-b591-fbbcbec21c45,4,0.301,0.562,0.258,1.121
1782796616,58c04c21-d386-4c6c-b591-fbbcbec21c45,5,0.302,5.295,0.307,5.904
1782796628,58c04c21-d386-4c6c-b591-fbbcbec21c45,6,0.302,0.672,0.278,1.252
1782796641,58c04c21-d386-4c6c-b591-fbbcbec21c45,7,0.301,0.962,0.291,1.554
1782796654,58c04c21-d386-4c6c-b591-fbbcbec21c45,8,0.302,2.275,0.236,2.812
1782796666,58c04c21-d386-4c6c-b591-fbbcbec21c45,9,0.301,0.574,0.242,1.117
1782878509,9efd3237-72a1-468e-88a0-429fa00c5bf5,1,0.301,1.929,0.280,2.510
1782878522,9efd3237-72a1-468e-88a0-429fa00c5bf5,2,0.301,0.609,0.320,1.230
1782878540,9efd3237-72a1-468e-88a0-429fa00c5bf5,3,0.301,0.844,0.276,1.420
1782878570,9efd3237-72a1-468e-88a0-429fa00c5bf5,4,0.301,0.772,0.296,1.369
1782878595,9efd3237-72a1-468e-88a0-429fa00c5bf5,5,0.301,0.987,0.249,1.537
1782878629,9efd3237-72a1-468e-88a0-429fa00c5bf5,6,0.302,0.774,0.292,1.368
1782880239,6cf14651-ee51-45d8-ad32-0ea76d612433,1,0.301,1.742,0.264,2.306
1782880251,6cf14651-ee51-45d8-ad32-0ea76d612433,2,0.301,0.553,0.225,1.079
1782880266,6cf14651-ee51-45d8-ad32-0ea76d612433,3,0.302,0.679,0.298,1.279
1782880278,6cf14651-ee51-45d8-ad32-0ea76d612433,4,0.301,0.599,0.238,1.138
1782880292,6cf14651-ee51-45d8-ad32-0ea76d612433,5,0.301,0.694,0.253,1.249
1782880306,6cf14651-ee51-45d8-ad32-0ea76d612433,6,0.302,0.872,0.237,1.411
1782880860,06a5d057-11ee-4d73-9a7f-52660f853e0a,1,0.301,1.379,0.267,1.947
1782880871,06a5d057-11ee-4d73-9a7f-52660f853e0a,2,0.301,0.747,0.230,1.279
1782880885,06a5d057-11ee-4d73-9a7f-52660f853e0a,3,0.300,1.195,0.335,1.830
1782880900,06a5d057-11ee-4d73-9a7f-52660f853e0a,4,0.301,1.273,0.395,1.969
1782880914,06a5d057-11ee-4d73-9a7f-52660f853e0a,5,0.301,0.803,0.388,1.492
1782880945,06a5d057-11ee-4d73-9a7f-52660f853e0a,6,0.301,0.578,0.218,1.097
1782880959,06a5d057-11ee-4d73-9a7f-52660f853e0a,7,0.301,3.641,0.251,4.193
1782881029,e3359f1d-c25b-4b1d-b7d8-046831e8790d,1,0.301,1.437,0.316,2.054
1782881040,e3359f1d-c25b-4b1d-b7d8-046831e8790d,2,0.300,0.606,0.831,1.737
1782881053,e3359f1d-c25b-4b1d-b7d8-046831e8790d,3,0.301,0.634,0.300,1.235
1782881068,e3359f1d-c25b-4b1d-b7d8-046831e8790d,4,0.301,0.769,0.305,1.374
1782881091,e3359f1d-c25b-4b1d-b7d8-046831e8790d,5,0.300,0.805,0.318,1.424
1782881120,e3359f1d-c25b-4b1d-b7d8-046831e8790d,6,0.301,0.853,0.251,1.405
1782881138,e3359f1d-c25b-4b1d-b7d8-046831e8790d,7,0.301,0.711,0.324,1.336
1782881165,e3359f1d-c25b-4b1d-b7d8-046831e8790d,8,0.301,0.797,0.385,1.484
1782907101,5c40144d-ad83-4877-9039-d854e68d4ffc,1,0.301,1.644,0.236,2.181
1782970857,b7b29b38-2dba-4ec0-841a-903a5a308282,1,0.302,1.653,0.367,2.322
1782970866,b7b29b38-2dba-4ec0-841a-903a5a308282,2,0.301,0.492,0.226,1.019
1782970877,b7b29b38-2dba-4ec0-841a-903a5a308282,3,0.301,0.622,0.248,1.171
1782970888,b7b29b38-2dba-4ec0-841a-903a5a308282,4,0.301,0.501,0.256,1.058
1782970901,b7b29b38-2dba-4ec0-841a-903a5a308282,5,0.301,0.491,0.286,1.077
1782970911,b7b29b38-2dba-4ec0-841a-903a5a308282,6,0.307,0.555,0.242,1.104
1782970922,b7b29b38-2dba-4ec0-841a-903a5a308282,7,0.301,0.643,0.294,1.238
1782970936,b7b29b38-2dba-4ec0-841a-903a5a308282,8,0.300,1.177,0.261,1.738
1782970948,b7b29b38-2dba-4ec0-841a-903a5a308282,9,0.300,1.156,0.250,1.706
1782970960,b7b29b38-2dba-4ec0-841a-903a5a308282,10,0.301,0.664,0.271,1.236
1782970972,b7b29b38-2dba-4ec0-841a-903a5a308282,11,0.305,0.593,0.240,1.138
1782971001,b7b29b38-2dba-4ec0-841a-903a5a308282,12,0.308,0.580,0.284,1.172
1782979683,79c369e7-8d13-4ffe-b12a-ec19f1ce4885,1,0.301,1.417,0.251,1.969
1782979694,79c369e7-8d13-4ffe-b12a-ec19f1ce4885,2,0.301,0.479,0.247,1.027
1782979706,79c369e7-8d13-4ffe-b12a-ec19f1ce4885,3,0.302,0.693,0.257,1.252
1782979729,79c369e7-8d13-4ffe-b12a-ec19f1ce4885,4,0.302,1.098,0.419,1.818
1782979753,79c369e7-8d13-4ffe-b12a-ec19f1ce4885,5,0.302,0.829,0.261,1.391
1782979777,79c369e7-8d13-4ffe-b12a-ec19f1ce4885,6,0.301,0.519,0.350,1.170
1782979794,79c369e7-8d13-4ffe-b12a-ec19f1ce4885,7,0.301,0.561,0.280,1.142
1782979811,79c369e7-8d13-4ffe-b12a-ec19f1ce4885,8,0.301,1.405,0.269,1.975
1782979827,79c369e7-8d13-4ffe-b12a-ec19f1ce4885,9,0.300,0.771,0.271,1.342
1782979839,79c369e7-8d13-4ffe-b12a-ec19f1ce4885,10,0.300,0.466,0.289,1.055
1782979851,79c369e7-8d13-4ffe-b12a-ec19f1ce4885,11,0.301,0.905,0.251,1.457
1782990353,5577b66f-473b-4d52-b349-74471b005980,1,0.309,1.313,0.220,1.842
1782990362,5577b66f-473b-4d52-b349-74471b005980,2,0.316,0.688,0.221,1.225
1782990586,23aa4c2c-e544-4d4a-b68e-24ad6735d3c5,1,0.301,0.968,0.248,1.517
1782990594,23aa4c2c-e544-4d4a-b68e-24ad6735d3c5,2,0.300,0.462,0.251,1.014
1782990606,23aa4c2c-e544-4d4a-b68e-24ad6735d3c5,3,0.301,0.606,0.260,1.167
1782990619,23aa4c2c-e544-4d4a-b68e-24ad6735d3c5,4,0.300,1.125,0.250,1.675
1782990630,23aa4c2c-e544-4d4a-b68e-24ad6735d3c5,5,0.300,0.475,0.320,1.095
1782990641,23aa4c2c-e544-4d4a-b68e-24ad6735d3c5,6,0.302,3.470,0.263,4.035
1782990666,23aa4c2c-e544-4d4a-b68e-24ad6735d3c5,7,0.302,3.357,0.229,3.889
1782990694,23aa4c2c-e544-4d4a-b68e-24ad6735d3c5,8,0.301,0.532,0.277,1.110
1782990854,1d133375-18c6-4da6-975a-76dc21d8d251,1,0.300,1.013,0.232,1.546
1782990857,1d133375-18c6-4da6-975a-76dc21d8d251,2,0.301,0.479,0.228,1.009
1782990865,1d133375-18c6-4da6-975a-76dc21d8d251,3,0.301,1.229,0.232,1.762
1782990868,1d133375-18c6-4da6-975a-76dc21d8d251,4,0.302,0.446,0.244,0.992
1782990878,1d133375-18c6-4da6-975a-76dc21d8d251,5,0.301,0.546,0.239,1.086
1782990903,1d133375-18c6-4da6-975a-76dc21d8d251,6,0.301,0.392,0.264,0.957
1782990915,1d133375-18c6-4da6-975a-76dc21d8d251,7,0.301,3.288,0.231,3.820
1782990927,1d133375-18c6-4da6-975a-76dc21d8d251,8,0.300,5.667,0.216,6.184
1782995445,0305f5e8-4f5d-4a25-987a-5cbd58a2daea,1,0.301,0.936,0.252,1.489
1782995459,0305f5e8-4f5d-4a25-987a-5cbd58a2daea,2,0.303,0.905,0.254,1.462
1782995470,0305f5e8-4f5d-4a25-987a-5cbd58a2daea,3,0.301,0.609,0.300,1.210
1782995485,0305f5e8-4f5d-4a25-987a-5cbd58a2daea,4,0.301,0.694,0.288,1.283
1782995513,0305f5e8-4f5d-4a25-987a-5cbd58a2daea,5,0.301,0.541,0.349,1.191
1782996011,9d0ebfa7-4775-4d98-ac7f-92db3fadb93b,1,0.301,4.676,0.261,5.237
1782996020,9d0ebfa7-4775-4d98-ac7f-92db3fadb93b,2,0.300,0.978,0.255,1.534
1782996032,9d0ebfa7-4775-4d98-ac7f-92db3fadb93b,3,0.301,1.465,0.250,2.016
1782996048,9d0ebfa7-4775-4d98-ac7f-92db3fadb93b,4,0.301,0.365,0.280,0.946
1782996060,9d0ebfa7-4775-4d98-ac7f-92db3fadb93b,5,0.302,0.541,0.261,1.104
1782996075,9d0ebfa7-4775-4d98-ac7f-92db3fadb93b,6,0.301,0.509,0.285,1.095
1782996539,d36c87cd-07e1-4300-986f-805fea81ebf8,1,0.301,1.542,0.242,2.085
1782996549,d36c87cd-07e1-4300-986f-805fea81ebf8,2,0.301,0.687,0.256,1.244
1782996565,d36c87cd-07e1-4300-986f-805fea81ebf8,3,0.301,1.433,0.248,1.982
1782996581,d36c87cd-07e1-4300-986f-805fea81ebf8,4,0.301,0.514,0.292,1.107
1782996592,d36c87cd-07e1-4300-986f-805fea81ebf8,5,0.302,0.602,0.280,1.185
1782996602,d36c87cd-07e1-4300-986f-805fea81ebf8,6,0.300,0.539,0.363,1.202
1782996616,d36c87cd-07e1-4300-986f-805fea81ebf8,7,0.301,1.033,0.265,1.600
1782996633,d36c87cd-07e1-4300-986f-805fea81ebf8,8,0.301,0.748,0.240,1.289
1782996661,d36c87cd-07e1-4300-986f-805fea81ebf8,9,0.300,0.513,0.279,1.093
1782997109,8f91f3ba-9b5e-435f-842b-af2c3f6071b4,1,0.315,0.372,0.484,1.171
1782997134,8f91f3ba-9b5e-435f-842b-af2c3f6071b4,2,0.316,0.526,1.424,2.265
1782997146,8f91f3ba-9b5e-435f-842b-af2c3f6071b4,3,0.302,0.718,0.546,1.565
1782997163,8f91f3ba-9b5e-435f-842b-af2c3f6071b4,4,0.302,0.492,0.269,1.063
1782997179,8f91f3ba-9b5e-435f-842b-af2c3f6071b4,5,0.000,0.597,0.281,0.878
1782998182,46ab08cf-5505-4ab5-807a-e54ae9fde3fe,1,0.301,2.207,0.324,2.831
1782998194,46ab08cf-5505-4ab5-807a-e54ae9fde3fe,2,0.300,1.309,0.299,1.907
1782998206,46ab08cf-5505-4ab5-807a-e54ae9fde3fe,3,0.301,0.865,0.353,1.519
1782998218,46ab08cf-5505-4ab5-807a-e54ae9fde3fe,4,0.301,0.947,0.366,1.614
1782998321,8e18cd75-6c4e-4c46-8fa8-efb61d4e6cf3,1,0.301,2.328,0.539,3.167
1783058192,b71fac9e-1c67-4747-b22d-4db1d099cce5,1,0.306,3.384,0.354,4.044
1783058205,b71fac9e-1c67-4747-b22d-4db1d099cce5,2,0.301,1.352,0.302,1.954
1783058224,b71fac9e-1c67-4747-b22d-4db1d099cce5,3,0.300,1.105,0.900,2.306
1783058245,b71fac9e-1c67-4747-b22d-4db1d099cce5,4,0.302,0.881,0.327,1.509
1783058259,b71fac9e-1c67-4747-b22d-4db1d099cce5,5,0.300,0.716,0.324,1.340
1783058281,b71fac9e-1c67-4747-b22d-4db1d099cce5,6,0.301,0.981,0.323,1.606
1783058302,b71fac9e-1c67-4747-b22d-4db1d099cce5,7,0.301,0.582,0.312,1.195
1783058349,b71fac9e-1c67-4747-b22d-4db1d099cce5,8,0.301,0.504,0.293,1.098
1783058366,b71fac9e-1c67-4747-b22d-4db1d099cce5,9,0.301,0.614,0.300,1.215
1783058384,b71fac9e-1c67-4747-b22d-4db1d099cce5,10,0.000,0.597,0.456,1.053
1783058405,b71fac9e-1c67-4747-b22d-4db1d099cce5,11,0.300,0.570,0.330,1.200
1783096278,92de8c01-ff76-4900-b6c1-3e7b16b73569,1,0.000,1.367,0.261,1.628
1783096293,92de8c01-ff76-4900-b6c1-3e7b16b73569,2,0.300,0.483,0.240,1.024
1783096303,92de8c01-ff76-4900-b6c1-3e7b16b73569,3,0.301,0.992,0.243,1.536
1783096321,92de8c01-ff76-4900-b6c1-3e7b16b73569,4,0.301,0.452,0.261,1.015
1783096344,92de8c01-ff76-4900-b6c1-3e7b16b73569,5,0.301,0.576,0.266,1.143
1783096354,92de8c01-ff76-4900-b6c1-3e7b16b73569,6,0.301,0.986,0.242,1.529
1783096376,92de8c01-ff76-4900-b6c1-3e7b16b73569,7,0.302,0.933,0.249,1.484
1783096483,d2ad0f27-1bee-4490-97c8-1296f776ea2f,1,0.000,1.776,0.252,2.028
1783096498,d2ad0f27-1bee-4490-97c8-1296f776ea2f,2,0.301,0.457,0.241,0.999
1783096507,d2ad0f27-1bee-4490-97c8-1296f776ea2f,3,0.301,0.708,0.258,1.267
1783096526,d2ad0f27-1bee-4490-97c8-1296f776ea2f,4,0.000,0.729,0.243,0.971
1783096550,d2ad0f27-1bee-4490-97c8-1296f776ea2f,5,0.301,1.139,0.283,1.723
1783096587,d2ad0f27-1bee-4490-97c8-1296f776ea2f,6,0.300,1.173,0.243,1.716
1783096610,d2ad0f27-1bee-4490-97c8-1296f776ea2f,7,0.302,0.629,0.269,1.200
1783096629,d2ad0f27-1bee-4490-97c8-1296f776ea2f,8,0.301,0.539,0.256,1.096
1783096651,d2ad0f27-1bee-4490-97c8-1296f776ea2f,9,0.300,0.522,0.257,1.080
1783096679,d2ad0f27-1bee-4490-97c8-1296f776ea2f,10,0.301,0.703,0.297,1.300
1783096691,d2ad0f27-1bee-4490-97c8-1296f776ea2f,11,0.301,0.737,0.254,1.292
1783096786,652e034f-a7c7-4e9a-b532-5d1f9523eaca,1,0.000,1.030,0.260,1.290
1783096804,652e034f-a7c7-4e9a-b532-5d1f9523eaca,2,0.302,0.636,0.247,1.185
1783096812,652e034f-a7c7-4e9a-b532-5d1f9523eaca,3,0.302,0.458,0.242,1.002
1783096834,652e034f-a7c7-4e9a-b532-5d1f9523eaca,4,0.301,0.662,0.294,1.257
1783096853,652e034f-a7c7-4e9a-b532-5d1f9523eaca,5,0.301,0.652,0.268,1.221
1783096876,652e034f-a7c7-4e9a-b532-5d1f9523eaca,6,0.301,0.510,0.271,1.081
1783096901,652e034f-a7c7-4e9a-b532-5d1f9523eaca,7,0.301,0.600,0.242,1.142
1783096923,652e034f-a7c7-4e9a-b532-5d1f9523eaca,8,0.300,0.539,0.290,1.130
1783096939,652e034f-a7c7-4e9a-b532-5d1f9523eaca,9,0.301,0.664,0.257,1.222
1783096951,652e034f-a7c7-4e9a-b532-5d1f9523eaca,10,0.301,0.494,0.259,1.055
1783096972,652e034f-a7c7-4e9a-b532-5d1f9523eaca,11,0.300,0.515,0.240,1.055
1783096993,652e034f-a7c7-4e9a-b532-5d1f9523eaca,12,0.000,0.496,0.285,0.781
1783097010,652e034f-a7c7-4e9a-b532-5d1f9523eaca,13,0.000,0.499,0.249,0.749
1783169910,9c77c85a-23fc-48f0-96cd-74d41bc0b3fb,1,0.000,1.748,0.289,2.037
1783169920,9c77c85a-23fc-48f0-96cd-74d41bc0b3fb,2,0.201,1.174,0.286,1.661
1783169925,9c77c85a-23fc-48f0-96cd-74d41bc0b3fb,3,0.201,1.186,0.287,1.673
1783169927,9c77c85a-23fc-48f0-96cd-74d41bc0b3fb,4,0.201,0.582,0.266,1.050
1783169935,9c77c85a-23fc-48f0-96cd-74d41bc0b3fb,5,0.201,0.481,0.293,0.976
1783169948,9c77c85a-23fc-48f0-96cd-74d41bc0b3fb,6,0.200,0.370,0.308,0.878
1783169964,9c77c85a-23fc-48f0-96cd-74d41bc0b3fb,7,0.201,0.591,0.296,1.088
1783170065,2387c940-15c3-4f7a-831f-23a8acf1e231,1,0.000,0.820,0.282,1.102
1783170079,2387c940-15c3-4f7a-831f-23a8acf1e231,2,0.207,0.390,0.283,0.880
1783170088,2387c940-15c3-4f7a-831f-23a8acf1e231,3,0.201,0.465,0.293,0.959
1783170099,2387c940-15c3-4f7a-831f-23a8acf1e231,4,0.201,0.611,0.289,1.101
1783170118,2387c940-15c3-4f7a-831f-23a8acf1e231,5,0.200,0.593,0.290,1.083
1783170134,2387c940-15c3-4f7a-831f-23a8acf1e231,6,0.216,0.344,0.302,0.861
1783170145,2387c940-15c3-4f7a-831f-23a8acf1e231,7,0.216,0.790,0.277,1.283
1783170157,2387c940-15c3-4f7a-831f-23a8acf1e231,8,0.215,0.540,0.273,1.028
1783170168,2387c940-15c3-4f7a-831f-23a8acf1e231,9,0.201,0.552,0.357,1.110
1783170183,2387c940-15c3-4f7a-831f-23a8acf1e231,10,0.206,0.557,0.284,1.047
1783170195,2387c940-15c3-4f7a-831f-23a8acf1e231,11,0.203,0.528,0.291,1.022
1783170208,2387c940-15c3-4f7a-831f-23a8acf1e231,12,0.201,0.571,0.285,1.056
1783170221,2387c940-15c3-4f7a-831f-23a8acf1e231,13,0.201,0.604,0.292,1.096
1783512107,bf0a4d76-0776-4e3e-96a4-f91b8c13f2b3,1,0.000,1.504,0.296,1.800
1783512121,bf0a4d76-0776-4e3e-96a4-f91b8c13f2b3,2,0.201,0.384,0.297,0.883
1783512126,bf0a4d76-0776-4e3e-96a4-f91b8c13f2b3,3,0.201,0.876,0.275,1.352
1783512135,bf0a4d76-0776-4e3e-96a4-f91b8c13f2b3,4,0.200,0.888,0.277,1.366
1783512146,bf0a4d76-0776-4e3e-96a4-f91b8c13f2b3,5,0.201,0.971,0.271,1.444
1783512159,bf0a4d76-0776-4e3e-96a4-f91b8c13f2b3,6,0.201,0.487,0.282,0.970
1783512172,bf0a4d76-0776-4e3e-96a4-f91b8c13f2b3,7,0.200,0.850,0.339,1.390
1783512622,6a810d71-0bfd-4a74-8c84-644cc6c7ff24,1,0.000,1.301,0.279,1.579
1783512641,6a810d71-0bfd-4a74-8c84-644cc6c7ff24,2,0.200,0.624,0.269,1.094
1783512648,6a810d71-0bfd-4a74-8c84-644cc6c7ff24,3,0.201,0.766,0.278,1.245
1783512657,6a810d71-0bfd-4a74-8c84-644cc6c7ff24,4,0.200,0.397,0.270,0.868
1783512678,6a810d71-0bfd-4a74-8c84-644cc6c7ff24,5,0.200,0.449,0.250,0.898
1783512681,6a810d71-0bfd-4a74-8c84-644cc6c7ff24,6,0.202,1.078,0.290,1.570
1783512689,6a810d71-0bfd-4a74-8c84-644cc6c7ff24,7,0.200,0.630,0.282,1.113
1783512698,6a810d71-0bfd-4a74-8c84-644cc6c7ff24,8,0.201,0.524,0.260,0.985
1783512710,6a810d71-0bfd-4a74-8c84-644cc6c7ff24,9,0.200,0.653,0.271,1.124
1783512720,6a810d71-0bfd-4a74-8c84-644cc6c7ff24,10,0.201,0.774,0.250,1.226
1783512730,6a810d71-0bfd-4a74-8c84-644cc6c7ff24,11,0.000,0.690,0.279,0.969
1783512741,6a810d71-0bfd-4a74-8c84-644cc6c7ff24,12,0.000,0.861,0.278,1.139
1783512760,6a810d71-0bfd-4a74-8c84-644cc6c7ff24,13,0.201,0.787,0.278,1.266
1783512785,6a810d71-0bfd-4a74-8c84-644cc6c7ff24,14,0.201,2.294,0.307,2.802
1783512807,6a810d71-0bfd-4a74-8c84-644cc6c7ff24,15,0.201,0.701,0.294,1.196
1783512827,6a810d71-0bfd-4a74-8c84-644cc6c7ff24,16,0.201,0.791,0.278,1.270
1783512845,6a810d71-0bfd-4a74-8c84-644cc6c7ff24,17,0.200,0.917,0.287,1.404
1783512862,6a810d71-0bfd-4a74-8c84-644cc6c7ff24,18,0.201,1.681,0.273,2.156
1783512874,6a810d71-0bfd-4a74-8c84-644cc6c7ff24,19,0.200,1.234,0.271,1.706
1783513245,09f91b2c-b32a-4378-b959-3af0cd6bc66e,1,0.000,2.855,0.587,3.442
1783513260,09f91b2c-b32a-4378-b959-3af0cd6bc66e,2,0.207,0.783,0.279,1.269
1783513272,09f91b2c-b32a-4378-b959-3af0cd6bc66e,3,0.213,0.568,0.257,1.038
1783513287,09f91b2c-b32a-4378-b959-3af0cd6bc66e,4,0.202,0.645,0.270,1.116
1783513302,09f91b2c-b32a-4378-b959-3af0cd6bc66e,5,0.201,0.924,0.285,1.409
1783513318,09f91b2c-b32a-4378-b959-3af0cd6bc66e,6,0.201,1.404,0.318,1.924
1783513339,09f91b2c-b32a-4378-b959-3af0cd6bc66e,7,0.200,0.564,0.329,1.093
1783513348,09f91b2c-b32a-4378-b959-3af0cd6bc66e,8,0.202,0.569,0.269,1.039
1783513366,09f91b2c-b32a-4378-b959-3af0cd6bc66e,9,0.201,0.645,0.267,1.113
1783513370,09f91b2c-b32a-4378-b959-3af0cd6bc66e,10,0.200,0.635,0.264,1.099
1783513399,09f91b2c-b32a-4378-b959-3af0cd6bc66e,11,0.202,1.480,0.269,1.951
1783513411,09f91b2c-b32a-4378-b959-3af0cd6bc66e,12,0.201,0.445,0.273,0.920
1783513425,09f91b2c-b32a-4378-b959-3af0cd6bc66e,13,0.207,0.542,0.278,1.027
1783514144,a03a1d1a-ad36-46be-a892-6b7ca99c3320,1,0.000,0.527,0.277,0.804
1783514162,a03a1d1a-ad36-46be-a892-6b7ca99c3320,2,0.202,0.610,0.289,1.100
1783514174,a03a1d1a-ad36-46be-a892-6b7ca99c3320,3,0.202,0.681,0.288,1.171
1783514194,a03a1d1a-ad36-46be-a892-6b7ca99c3320,4,0.201,0.532,0.273,1.006
1783514211,a03a1d1a-ad36-46be-a892-6b7ca99c3320,5,0.200,0.752,0.397,1.350
1783514227,a03a1d1a-ad36-46be-a892-6b7ca99c3320,6,0.201,2.242,0.273,2.715
1783514240,a03a1d1a-ad36-46be-a892-6b7ca99c3320,7,0.201,0.572,0.279,1.051
1783514744,8a9f51cd-be23-420f-9d25-68e5b820a909,1,0.000,2.248,0.321,2.568
1783514759,8a9f51cd-be23-420f-9d25-68e5b820a909,2,0.201,2.072,0.545,2.817
1783587695,f231e2f8-08b9-4c8d-8002-bd7fc074d143,1,0.000,1.224,0.488,1.712
1783587700,070667a3-8ccb-46af-adcf-bdec967d85c8,1,0.000,1.758,0.782,2.540
1783587868,ea72dec8-e44d-4143-8408-0e5e4cef53c6,1,0.000,2.762,0.802,3.564
1783587882,ea72dec8-e44d-4143-8408-0e5e4cef53c6,2,0.201,2.560,0.343,3.104
1783600532,48dc1251-c328-43c3-9292-dc8a22c9df32,1,0.000,1.932,0.282,2.214
1783600553,48dc1251-c328-43c3-9292-dc8a22c9df32,2,0.200,0.703,0.279,1.183
1783600583,48dc1251-c328-43c3-9292-dc8a22c9df32,3,0.200,5.650,0.287,6.138
1783600613,48dc1251-c328-43c3-9292-dc8a22c9df32,4,0.201,0.558,0.314,1.072
1783600649,48dc1251-c328-43c3-9292-dc8a22c9df32,5,0.201,0.725,0.257,1.182
1783600688,48dc1251-c328-43c3-9292-dc8a22c9df32,6,0.000,0.591,0.336,0.927
1783600723,48dc1251-c328-43c3-9292-dc8a22c9df32,7,0.213,0.811,0.321,1.345
1783600766,48dc1251-c328-43c3-9292-dc8a22c9df32,8,0.201,0.684,0.327,1.212
1783600780,48dc1251-c328-43c3-9292-dc8a22c9df32,9,0.200,0.737,0.324,1.261
1783600800,48dc1251-c328-43c3-9292-dc8a22c9df32,10,0.201,0.831,0.326,1.357
1783600816,48dc1251-c328-43c3-9292-dc8a22c9df32,11,0.201,0.583,0.300,1.084
1783600831,48dc1251-c328-43c3-9292-dc8a22c9df32,12,0.202,2.637,0.318,3.157
1783601673,7a877051-2fed-47d8-8a8f-aa06c35ff50e,1,0.000,1.500,0.268,1.768
1783601692,7a877051-2fed-47d8-8a8f-aa06c35ff50e,2,0.201,4.103,0.293,4.597
1783601718,7a877051-2fed-47d8-8a8f-aa06c35ff50e,3,0.200,2.705,0.281,3.186
1783601751,7a877051-2fed-47d8-8a8f-aa06c35ff50e,4,0.201,0.554,0.271,1.026
1783601764,7a877051-2fed-47d8-8a8f-aa06c35ff50e,5,0.000,0.677,0.254,0.931
1783601804,7a877051-2fed-47d8-8a8f-aa06c35ff50e,6,0.201,0.928,0.287,1.416
1783601845,7a877051-2fed-47d8-8a8f-aa06c35ff50e,7,0.000,0.545,0.265,0.810
1783601873,7a877051-2fed-47d8-8a8f-aa06c35ff50e,8,0.201,0.787,0.293,1.281
1783604577,32d7e182-b0e3-4684-95d4-b07611c5d95a,1,0.000,1.361,0.256,1.617
1783604591,32d7e182-b0e3-4684-95d4-b07611c5d95a,2,0.201,0.684,0.274,1.159
1783604599,32d7e182-b0e3-4684-95d4-b07611c5d95a,3,0.200,0.712,0.254,1.166
1783604622,32d7e182-b0e3-4684-95d4-b07611c5d95a,4,0.200,1.157,0.280,1.637
1783604663,32d7e182-b0e3-4684-95d4-b07611c5d95a,5,0.201,0.662,0.243,1.106
1783604692,32d7e182-b0e3-4684-95d4-b07611c5d95a,6,0.201,0.795,0.254,1.250
1783604724,32d7e182-b0e3-4684-95d4-b07611c5d95a,7,0.201,1.934,0.320,2.454
1783604744,32d7e182-b0e3-4684-95d4-b07611c5d95a,8,0.201,0.640,0.241,1.081
1783604772,32d7e182-b0e3-4684-95d4-b07611c5d95a,9,0.201,0.766,0.774,1.741
1783604806,32d7e182-b0e3-4684-95d4-b07611c5d95a,10,0.201,1.736,0.287,2.224
1783604817,32d7e182-b0e3-4684-95d4-b07611c5d95a,11,0.201,0.765,0.257,1.223
1783608665,517ac082-1f79-4c94-89d6-3dbabfb3c9ab,1,0.000,1.920,0.269,2.189
1783608691,517ac082-1f79-4c94-89d6-3dbabfb3c9ab,2,0.200,0.825,0.272,1.298
1783608703,517ac082-1f79-4c94-89d6-3dbabfb3c9ab,3,0.202,0.573,0.291,1.066
1783608720,517ac082-1f79-4c94-89d6-3dbabfb3c9ab,4,0.200,0.547,0.424,1.171
1783610048,f613a109-d4d8-4caa-a50d-138d0742de3d,1,0.000,0.567,0.258,0.824
1783610067,f613a109-d4d8-4caa-a50d-138d0742de3d,2,0.201,0.691,0.288,1.180
1783610080,f613a109-d4d8-4caa-a50d-138d0742de3d,3,0.201,0.673,0.296,1.170
1783610100,f613a109-d4d8-4caa-a50d-138d0742de3d,4,0.201,1.630,0.299,2.130
1783610120,f613a109-d4d8-4caa-a50d-138d0742de3d,5,0.201,0.728,0.294,1.222
1783610148,f613a109-d4d8-4caa-a50d-138d0742de3d,6,0.201,0.576,0.266,1.043
1783610166,f613a109-d4d8-4caa-a50d-138d0742de3d,7,0.201,0.530,0.270,1.000
1783654836,fb1a5968-cc75-486d-8532-c655c7e0d33b,1,0.000,2.200,0.257,2.456
1783654863,fb1a5968-cc75-486d-8532-c655c7e0d33b,2,0.201,0.806,0.260,1.266
1783654872,fb1a5968-cc75-486d-8532-c655c7e0d33b,3,0.209,0.884,0.252,1.345
1783654884,fb1a5968-cc75-486d-8532-c655c7e0d33b,4,0.214,0.872,0.318,1.404
1783654895,fb1a5968-cc75-486d-8532-c655c7e0d33b,5,0.200,0.876,0.272,1.349
1783654909,fb1a5968-cc75-486d-8532-c655c7e0d33b,6,0.200,0.841,0.253,1.295
1783654931,fb1a5968-cc75-486d-8532-c655c7e0d33b,7,0.202,0.796,0.291,1.289
1783654946,fb1a5968-cc75-486d-8532-c655c7e0d33b,8,0.201,0.948,0.265,1.414
1783654958,fb1a5968-cc75-486d-8532-c655c7e0d33b,9,0.201,2.877,0.280,3.358
1783654970,fb1a5968-cc75-486d-8532-c655c7e0d33b,10,0.201,2.135,0.324,2.660
1783654981,fb1a5968-cc75-486d-8532-c655c7e0d33b,11,0.201,0.823,0.251,1.275
1783655000,fb1a5968-cc75-486d-8532-c655c7e0d33b,12,0.201,1.910,0.286,2.397
1783655037,fb1a5968-cc75-486d-8532-c655c7e0d33b,13,0.201,0.759,0.257,1.216
1783655058,fb1a5968-cc75-486d-8532-c655c7e0d33b,14,0.201,1.090,0.251,1.543
1783655089,fb1a5968-cc75-486d-8532-c655c7e0d33b,15,0.201,17.870,0.282,18.353
1783677555,cf056aa1-cd19-4210-a9cc-90686f9e6551,1,0.000,2.904,0.294,3.198
1783677574,79b47298-4c8a-4363-b649-e564f072b2c3,1,0.000,2.588,0.274,2.862
1783694183,c513e7fd-0cfe-4f2b-9493-753874c17ae7,1,0.000,1.828,0.270,2.098
1783694185,28cad41c-1cc5-43ad-9f75-480a920d7639,1,0.000,0.690,0.348,1.039
1783694510,634e9d1c-07f5-40b4-ac5f-75b6239f7fab,1,0.000,1.981,0.283,2.265
1783694830,815e1661-0c51-4a6e-a38e-4c0421e559ed,1,0.000,1.494,0.315,1.809
1783695581,cf3ca2d2-d81b-4648-b1ea-be8b4b18f64a,1,0.000,1.568,0.273,1.841
1783743996,27a6021f-e1d9-4ced-9947-66d598d26844,1,0.200,0.727,0.259,1.186
1783744008,27a6021f-e1d9-4ced-9947-66d598d26844,2,0.201,3.261,0.283,3.745
1783744022,27a6021f-e1d9-4ced-9947-66d598d26844,3,0.200,0.774,0.243,1.217
1783744049,27a6021f-e1d9-4ced-9947-66d598d26844,4,0.201,0.713,0.297,1.211
1783744068,27a6021f-e1d9-4ced-9947-66d598d26844,5,0.201,1.148,0.297,1.645
1783744084,27a6021f-e1d9-4ced-9947-66d598d26844,6,0.208,0.935,0.306,1.448
1783744102,27a6021f-e1d9-4ced-9947-66d598d26844,7,0.201,0.745,0.257,1.203
1783744126,27a6021f-e1d9-4ced-9947-66d598d26844,8,0.201,4.176,0.281,4.658
1783744172,27a6021f-e1d9-4ced-9947-66d598d26844,9,0.200,0.709,0.273,1.183
1783744192,27a6021f-e1d9-4ced-9947-66d598d26844,10,0.202,0.752,0.274,1.228
1783744208,27a6021f-e1d9-4ced-9947-66d598d26844,11,0.000,0.662,0.250,0.912
1783744222,27a6021f-e1d9-4ced-9947-66d598d26844,12,0.201,1.084,0.319,1.603
1783744239,27a6021f-e1d9-4ced-9947-66d598d26844,13,0.201,1.112,0.339,1.652
1783744844,e17160d6-a122-4f9b-a209-362f86e2a2bd,1,0.000,1.058,0.317,1.375
1783744868,e17160d6-a122-4f9b-a209-362f86e2a2bd,2,0.202,1.798,0.304,2.304
1783744879,e17160d6-a122-4f9b-a209-362f86e2a2bd,3,0.213,0.850,0.296,1.359
1783744902,e17160d6-a122-4f9b-a209-362f86e2a2bd,4,0.201,2.121,0.287,2.609
1783744927,e17160d6-a122-4f9b-a209-362f86e2a2bd,5,0.201,0.857,0.286,1.343
1783744942,e17160d6-a122-4f9b-a209-362f86e2a2bd,6,0.201,0.861,0.313,1.375
1783744975,e17160d6-a122-4f9b-a209-362f86e2a2bd,7,0.000,0.879,0.350,1.230
1783745005,e17160d6-a122-4f9b-a209-362f86e2a2bd,8,0.201,1.130,0.338,1.669
1783745243,8e250590-9c10-4350-b118-5cd96bd6e5c3,1,0.000,1.100,0.286,1.385
1783745328,3d9a45e9-3c16-40b2-a51f-99e7c61c3945,1,0.201,0.773,0.304,1.278
1783745351,3d9a45e9-3c16-40b2-a51f-99e7c61c3945,2,0.201,0.765,0.259,1.225
1783745368,3d9a45e9-3c16-40b2-a51f-99e7c61c3945,3,0.201,0.712,0.306,1.219
1783745378,3d9a45e9-3c16-40b2-a51f-99e7c61c3945,4,0.201,0.594,0.286,1.081
1783745396,3d9a45e9-3c16-40b2-a51f-99e7c61c3945,5,0.201,0.810,0.288,1.299
1783745409,3d9a45e9-3c16-40b2-a51f-99e7c61c3945,6,0.200,0.770,0.316,1.286
1783745425,3d9a45e9-3c16-40b2-a51f-99e7c61c3945,7,0.202,0.627,0.353,1.182
1783746089,ad1ba29d-b58c-4d23-a84d-e41099e4b895,1,0.000,0.375,0.294,0.669
1783746116,ad1ba29d-b58c-4d23-a84d-e41099e4b895,2,0.201,0.663,0.281,1.144
1783746124,ad1ba29d-b58c-4d23-a84d-e41099e4b895,3,0.201,0.810,0.268,1.279
1783746139,ad1ba29d-b58c-4d23-a84d-e41099e4b895,4,0.201,0.896,0.286,1.383
1783746157,ad1ba29d-b58c-4d23-a84d-e41099e4b895,5,0.201,0.730,0.275,1.206
1783746171,ad1ba29d-b58c-4d23-a84d-e41099e4b895,6,0.203,0.580,0.273,1.056
1783746185,ad1ba29d-b58c-4d23-a84d-e41099e4b895,7,0.201,0.520,0.274,0.995
1783746208,ad1ba29d-b58c-4d23-a84d-e41099e4b895,8,0.000,0.745,0.321,1.066
1783746224,ad1ba29d-b58c-4d23-a84d-e41099e4b895,9,0.201,1.207,0.265,1.673
1783746239,ad1ba29d-b58c-4d23-a84d-e41099e4b895,10,0.201,0.643,0.272,1.117
1783746255,ad1ba29d-b58c-4d23-a84d-e41099e4b895,11,0.202,0.483,0.280,0.965
1783746263,ad1ba29d-b58c-4d23-a84d-e41099e4b895,12,0.201,0.792,0.263,1.257
1784182482,0faf93c4-21e5-4682-a4a8-c615aece29eb,1,0.000,4.140,0.626,4.767
1784195147,ac3e4fe0-0f65-400f-ac76-7dee32424cd0,1,0.000,0.755,0.350,1.105
1784195153,ac3e4fe0-0f65-400f-ac76-7dee32424cd0,2,0.419,0.928,0.290,1.637
1784195155,ac3e4fe0-0f65-400f-ac76-7dee32424cd0,3,0.211,0.898,0.311,1.419
1784195175,ac3e4fe0-0f65-400f-ac76-7dee32424cd0,4,0.202,0.962,0.302,1.466
1784195191,ac3e4fe0-0f65-400f-ac76-7dee32424cd0,5,0.201,1.411,0.320,1.931
1784195205,ac3e4fe0-0f65-400f-ac76-7dee32424cd0,6,0.200,0.857,0.482,1.539
1784195231,ac3e4fe0-0f65-400f-ac76-7dee32424cd0,7,0.201,5.850,0.294,6.345
1784195244,ac3e4fe0-0f65-400f-ac76-7dee32424cd0,8,0.201,0.902,0.294,1.396
1784195264,ac3e4fe0-0f65-400f-ac76-7dee32424cd0,9,0.000,0.874,0.278,1.152
1784195275,ac3e4fe0-0f65-400f-ac76-7dee32424cd0,10,0.202,1.211,0.351,1.763
1784195290,ac3e4fe0-0f65-400f-ac76-7dee32424cd0,11,0.202,0.902,0.386,1.489
1784195374,343c7ff7-8407-4561-93ea-7eeb0b2db8c0,1,0.000,0.857,0.287,1.143
1784195390,343c7ff7-8407-4561-93ea-7eeb0b2db8c0,2,0.216,1.098,0.296,1.610
1784195426,343c7ff7-8407-4561-93ea-7eeb0b2db8c0,3,0.202,0.865,0.294,1.360
1784205902,6743133c-392f-4a72-9573-a9122344aa52,1,0.000,2.534,0.331,2.865
1784206033,edf2cd0e-9ca2-45b7-b8cf-f955ebdede78,1,0.000,1.167,0.286,1.452
1784206120,448083b8-b79e-4c31-9d7d-aee3339cb1da,1,0.000,0.868,0.280,1.148
1784206554,802aee44-61ce-4ee5-a5c5-f3d950d9b836,1,0.000,1.825,0.364,2.189
1784206655,893f5421-992e-43ef-901f-b74057be9a15,1,0.000,3.191,0.275,3.466
1784207713,00f0638c-49cd-4172-b89b-c0cac57552fb,1,0.000,1.644,0.270,1.914
1784208224,4c47793a-8726-4109-beff-5cb1f047f528,1,0.000,2.654,0.278,2.932
1784208472,6628db53-fe50-426d-9fed-4bb0182295d0,1,0.000,0.487,0.281,0.768
1784209045,69ba397b-a53c-4fe3-8d0c-ec711dc2aca2,1,0.000,1.626,0.257,1.883
1784213979,a96da85b-81d2-4e2d-ba92-7230e96bd014,1,0.000,1.741,0.423,2.165
1784214174,9006cc5a-88d0-4970-b269-dd7feddb8bbe,1,0.000,0.872,0.282,1.154
1784216111,50fee030-2aed-4a4e-af41-2645e7135169,1,0.000,2.620,0.317,2.937
1784216307,call-918249776759-1784216296,1,0.000,2.658,0.267,2.926
1784217706,call-918249776759-1784217662,1,0.000,2.214,0.259,2.473
1784217731,call-918249776759-1784217662,2,0.212,14.704,0.260,15.176
1784217752,call-918249776759-1784217662,3,0.201,3.096,0.247,3.544
1784218936,dced3847-f6c3-49b3-bd6f-c66dd27f7eb6,1,0.000,3.079,0.337,3.416
1784218939,2da07c6f-f2ef-4e69-b4d4-74773bc02b38,1,0.000,0.740,0.260,0.999
1784218949,dced3847-f6c3-49b3-bd6f-c66dd27f7eb6,2,0.201,0.855,0.285,1.341
1784218960,dced3847-f6c3-49b3-bd6f-c66dd27f7eb6,3,0.200,1.181,0.333,1.714
1784219003,dced3847-f6c3-49b3-bd6f-c66dd27f7eb6,4,0.201,0.942,0.520,1.663
1784219114,0286453f-4aab-4b47-862a-b0c2a99e715f,1,0.000,2.055,0.271,2.326
1784219126,0286453f-4aab-4b47-862a-b0c2a99e715f,2,0.215,1.680,0.258,2.154
1784219144,0286453f-4aab-4b47-862a-b0c2a99e715f,3,0.201,10.970,0.282,11.453
1784219155,0286453f-4aab-4b47-862a-b0c2a99e715f,4,0.202,0.860,0.263,1.324
1784219175,0286453f-4aab-4b47-862a-b0c2a99e715f,5,0.201,6.618,0.347,7.166
1784219254,1ae8ff8c-c044-4d7f-a530-906417ae3870,1,0.000,1.487,0.262,1.748
1784219267,1ae8ff8c-c044-4d7f-a530-906417ae3870,2,0.201,0.694,0.254,1.148
1784219277,1ae8ff8c-c044-4d7f-a530-906417ae3870,3,0.201,1.055,0.299,1.555
1784219287,1ae8ff8c-c044-4d7f-a530-906417ae3870,4,0.201,0.660,0.244,1.105
1784267373,3a944763-78c1-4d18-ab18-af5f66748711,1,0.000,2.309,0.283,2.592
1784267382,3a944763-78c1-4d18-ab18-af5f66748711,2,0.201,0.611,0.331,1.143
1784267391,3a944763-78c1-4d18-ab18-af5f66748711,3,0.201,0.558,0.339,1.097
1784267403,3a944763-78c1-4d18-ab18-af5f66748711,4,0.201,0.656,0.278,1.136
1784267420,3a944763-78c1-4d18-ab18-af5f66748711,5,0.201,0.700,0.388,1.289
1784268106,5e34b686-73bf-416b-b726-1afafc185c80,1,0.201,0.844,0.287,1.332
1784268116,5e34b686-73bf-416b-b726-1afafc185c80,2,0.201,0.724,0.291,1.216
1784268150,5e34b686-73bf-416b-b726-1afafc185c80,3,0.202,1.082,0.343,1.626
1784268167,5e34b686-73bf-416b-b726-1afafc185c80,4,0.200,1.450,0.288,1.938
1784268188,5e34b686-73bf-416b-b726-1afafc185c80,5,0.200,8.676,0.291,9.167
1784268256,5e34b686-73bf-416b-b726-1afafc185c80,6,0.201,18.776,0.315,19.292
1784268276,5e34b686-73bf-416b-b726-1afafc185c80,7,0.200,0.816,0.290,1.306
1784268294,5e34b686-73bf-416b-b726-1afafc185c80,8,0.201,1.040,0.294,1.535
1784268313,5e34b686-73bf-416b-b726-1afafc185c80,9,0.214,1.095,0.292,1.601
1784268335,5e34b686-73bf-416b-b726-1afafc185c80,10,0.212,1.086,0.348,1.646
1784268363,5e34b686-73bf-416b-b726-1afafc185c80,11,0.209,1.205,0.327,1.742
1784268389,5e34b686-73bf-416b-b726-1afafc185c80,12,0.209,0.939,0.284,1.432
1784268436,5e34b686-73bf-416b-b726-1afafc185c80,13,0.201,1.028,0.554,1.784
1784268769,86ca2345-e3c6-435b-b45f-1a1b7d14318c,1,0.208,11.896,0.309,12.413
1784268804,86ca2345-e3c6-435b-b45f-1a1b7d14318c,2,0.202,1.416,0.282,1.900
1784268820,86ca2345-e3c6-435b-b45f-1a1b7d14318c,3,0.202,0.891,0.313,1.406
1784268837,86ca2345-e3c6-435b-b45f-1a1b7d14318c,4,0.202,0.878,0.301,1.380
1784268858,86ca2345-e3c6-435b-b45f-1a1b7d14318c,5,0.202,0.828,0.307,1.337
1784268930,86ca2345-e3c6-435b-b45f-1a1b7d14318c,6,0.214,1.444,0.484,2.142
1784268947,86ca2345-e3c6-435b-b45f-1a1b7d14318c,7,0.210,0.963,0.285,1.458
1784268969,86ca2345-e3c6-435b-b45f-1a1b7d14318c,8,0.201,0.877,0.284,1.362
1784268991,86ca2345-e3c6-435b-b45f-1a1b7d14318c,9,0.257,1.356,0.311,1.924
1784269004,86ca2345-e3c6-435b-b45f-1a1b7d14318c,10,0.201,5.342,0.304,5.848
1784269042,86ca2345-e3c6-435b-b45f-1a1b7d14318c,11,0.000,0.785,0.298,1.083
1784269066,86ca2345-e3c6-435b-b45f-1a1b7d14318c,12,0.208,1.953,0.286,2.448
1784269797,b3786b5f-3928-4538-9f24-dffaf19bd6d0,1,0.202,0.797,0.321,1.320
1784270620,7666196a-78ef-4489-a26a-34855a1d318b,1,0.000,1.837,0.287,2.125
1784270640,7666196a-78ef-4489-a26a-34855a1d318b,2,0.201,3.425,0.304,3.931
1784270653,7666196a-78ef-4489-a26a-34855a1d318b,3,0.202,0.955,0.270,1.427
1784270676,7666196a-78ef-4489-a26a-34855a1d318b,4,0.201,1.000,0.298,1.498
1784270696,7666196a-78ef-4489-a26a-34855a1d318b,5,0.201,0.990,0.326,1.516
1784270719,7666196a-78ef-4489-a26a-34855a1d318b,6,0.201,1.085,0.291,1.578
1784270750,7666196a-78ef-4489-a26a-34855a1d318b,7,0.201,0.942,0.286,1.429
1784270780,7666196a-78ef-4489-a26a-34855a1d318b,8,0.201,0.874,0.282,1.357
1784270809,7666196a-78ef-4489-a26a-34855a1d318b,9,0.209,1.053,0.268,1.531
1784270844,7666196a-78ef-4489-a26a-34855a1d318b,10,0.201,1.008,0.284,1.493
1784276078,8b6c7de9-d31c-4e85-b304-4b357921ba71,1,0.000,0.917,0.295,1.212
1784276106,8b6c7de9-d31c-4e85-b304-4b357921ba71,2,0.200,0.616,0.287,1.104
1784276112,8b6c7de9-d31c-4e85-b304-4b357921ba71,3,0.200,0.835,0.285,1.321
1784276129,8b6c7de9-d31c-4e85-b304-4b357921ba71,4,0.200,0.886,0.301,1.387
1784276140,8b6c7de9-d31c-4e85-b304-4b357921ba71,5,0.207,0.795,0.294,1.296
1784276156,8b6c7de9-d31c-4e85-b304-4b357921ba71,6,0.214,0.872,0.271,1.356
1784276175,8b6c7de9-d31c-4e85-b304-4b357921ba71,7,0.200,0.884,0.261,1.345
1784276190,8b6c7de9-d31c-4e85-b304-4b357921ba71,8,0.203,0.870,0.274,1.347
1784276204,8b6c7de9-d31c-4e85-b304-4b357921ba71,9,0.206,0.778,0.296,1.280
1784276225,8b6c7de9-d31c-4e85-b304-4b357921ba71,10,0.201,1.008,0.293,1.502
1784276243,8b6c7de9-d31c-4e85-b304-4b357921ba71,11,0.200,0.981,0.295,1.477
1784276267,8b6c7de9-d31c-4e85-b304-4b357921ba71,12,0.207,0.921,0.374,1.501
1784277602,0e3b611a-2097-4563-9570-7781fbbf5961,1,0.000,1.672,0.304,1.975
1784277606,9678a0ad-d669-452a-8e45-feae98f2c6d9,1,0.000,1.111,0.300,1.411
1784711602,f2911bbf-a463-4d21-b878-669a8a92017c,1,0.000,1.003,0.263,1.266
1784711618,f2911bbf-a463-4d21-b878-669a8a92017c,2,0.200,0.613,0.290,1.103
1784711627,f2911bbf-a463-4d21-b878-669a8a92017c,3,0.201,0.605,0.276,1.083
1784711640,f2911bbf-a463-4d21-b878-669a8a92017c,4,0.202,0.481,0.256,0.939
1784711656,f2911bbf-a463-4d21-b878-669a8a92017c,5,0.201,3.773,0.275,4.249
1784711669,f2911bbf-a463-4d21-b878-669a8a92017c,6,0.200,0.589,0.302,1.091
1784711683,f2911bbf-a463-4d21-b878-669a8a92017c,7,0.201,1.528,0.281,2.010
1784711694,f2911bbf-a463-4d21-b878-669a8a92017c,8,0.000,0.394,0.281,0.675
1784712155,ff94415a-05be-4dd2-a6ff-187824ead80c,1,0.000,0.896,0.278,1.174
1784712168,ff94415a-05be-4dd2-a6ff-187824ead80c,2,0.201,0.426,0.280,0.908
1784712170,ff94415a-05be-4dd2-a6ff-187824ead80c,3,0.200,0.450,0.293,0.944
1784712180,ff94415a-05be-4dd2-a6ff-187824ead80c,4,0.202,0.437,0.284,0.922
1784712191,ff94415a-05be-4dd2-a6ff-187824ead80c,5,0.201,0.523,0.278,1.002
1784712204,ff94415a-05be-4dd2-a6ff-187824ead80c,6,0.201,0.492,0.270,0.963
1784712215,ff94415a-05be-4dd2-a6ff-187824ead80c,7,0.000,0.789,0.289,1.078
1784712225,ff94415a-05be-4dd2-a6ff-187824ead80c,8,0.201,0.589,0.278,1.067
1784712231,ff94415a-05be-4dd2-a6ff-187824ead80c,9,0.000,0.705,0.275,0.981
1784713062,5ce8e6dc-f18f-4613-9119-b30f566dc935,1,0.000,1.234,0.278,1.511
1784713072,5ce8e6dc-f18f-4613-9119-b30f566dc935,2,0.201,0.422,0.291,0.914
1784713082,5ce8e6dc-f18f-4613-9119-b30f566dc935,3,0.201,0.548,0.282,1.031
1784713097,5ce8e6dc-f18f-4613-9119-b30f566dc935,4,0.202,0.525,0.289,1.016
1784713117,5ce8e6dc-f18f-4613-9119-b30f566dc935,5,0.201,0.874,0.288,1.363
1784713132,5ce8e6dc-f18f-4613-9119-b30f566dc935,6,0.200,0.397,0.306,0.903
1784713146,5ce8e6dc-f18f-4613-9119-b30f566dc935,7,0.202,0.488,0.286,0.976
1784713158,5ce8e6dc-f18f-4613-9119-b30f566dc935,8,0.201,0.521,0.278,1.001
1784713169,5ce8e6dc-f18f-4613-9119-b30f566dc935,9,0.201,0.732,0.285,1.218
1784713670,c562b971-dcf6-4d9b-86ce-db51b4c4604f,1,0.000,1.551,0.258,1.809
1784713679,c562b971-dcf6-4d9b-86ce-db51b4c4604f,2,0.201,0.505,0.261,0.966
1784713744,34faf7a4-b27d-4886-b92c-ede289593292,1,0.000,0.814,0.268,1.082
1784713761,34faf7a4-b27d-4886-b92c-ede289593292,2,0.201,0.408,0.285,0.894
1784807152,ed2cdd9b-140a-4173-ad02-88212eaf1999,1,0.000,2.107,0.270,2.378
1784807156,a640c63c-8c5f-45d6-9c91-c630e0276747,1,0.000,0.385,0.289,0.674
1784807173,ed2cdd9b-140a-4173-ad02-88212eaf1999,2,0.200,0.592,0.270,1.062
1784807193,8173f0cb-218d-4def-a765-0c5e01bc8ecf,1,0.000,0.403,0.289,0.692
1784807206,8173f0cb-218d-4def-a765-0c5e01bc8ecf,2,0.201,0.625,0.268,1.094
1784807216,8173f0cb-218d-4def-a765-0c5e01bc8ecf,3,0.202,0.798,0.308,1.308
1784807319,b6d2b55b-bc19-4ecc-8648-5039305f0cb5,1,0.000,1.536,0.286,1.822
1784807332,b6d2b55b-bc19-4ecc-8648-5039305f0cb5,2,0.201,0.648,0.297,1.146
1784807339,b6d2b55b-bc19-4ecc-8648-5039305f0cb5,3,0.202,0.503,0.276,0.980
1784807354,b6d2b55b-bc19-4ecc-8648-5039305f0cb5,4,0.201,0.535,0.275,1.011
1784807373,b6d2b55b-bc19-4ecc-8648-5039305f0cb5,5,0.202,0.493,0.276,0.970
1784807388,b6d2b55b-bc19-4ecc-8648-5039305f0cb5,6,0.201,0.724,0.340,1.265
1784807396,b6d2b55b-bc19-4ecc-8648-5039305f0cb5,7,0.201,0.533,0.290,1.024
1784807649,83f3e084-b630-496d-a439-58635a48e7e5,1,0.000,1.611,0.268,1.879
1784807688,83f3e084-b630-496d-a439-58635a48e7e5,2,0.200,2.267,0.267,2.735
1784807697,83f3e084-b630-496d-a439-58635a48e7e5,3,0.201,0.580,0.246,1.027
1784807707,83f3e084-b630-496d-a439-58635a48e7e5,4,0.201,0.520,0.246,0.967
1784807719,83f3e084-b630-496d-a439-58635a48e7e5,5,0.201,0.551,0.301,1.052
1784807739,83f3e084-b630-496d-a439-58635a48e7e5,6,0.201,0.757,0.259,1.217
1784807962,3385f198-0694-46d2-b2c8-ed59ad165d46,1,0.000,1.837,0.280,2.117
1784807972,3385f198-0694-46d2-b2c8-ed59ad165d46,2,0.201,0.537,0.279,1.017
1784807981,3385f198-0694-46d2-b2c8-ed59ad165d46,3,0.201,1.384,0.250,1.836
1784807991,3385f198-0694-46d2-b2c8-ed59ad165d46,4,0.202,0.507,0.255,0.964
1784808006,3385f198-0694-46d2-b2c8-ed59ad165d46,5,0.201,0.476,0.272,0.949
1784808014,3385f198-0694-46d2-b2c8-ed59ad165d46,6,0.200,0.531,0.271,1.003
1784809337,b0e63d06-0e47-4033-ac23-e5884753a18e,1,0.000,1.394,0.281,1.674
1784809357,b0e63d06-0e47-4033-ac23-e5884753a18e,2,0.202,0.606,0.283,1.091
1784809370,b0e63d06-0e47-4033-ac23-e5884753a18e,3,0.202,0.598,0.268,1.067
1784809384,b0e63d06-0e47-4033-ac23-e5884753a18e,4,0.202,0.482,0.287,0.970
1784809392,b0e63d06-0e47-4033-ac23-e5884753a18e,5,0.206,0.566,1.175,1.948
1784809406,b0e63d06-0e47-4033-ac23-e5884753a18e,6,0.000,2.400,0.315,2.715
1784809417,b0e63d06-0e47-4033-ac23-e5884753a18e,7,0.206,0.601,0.279,1.085
1784809425,b0e63d06-0e47-4033-ac23-e5884753a18e,8,0.206,0.572,0.271,1.050
1784809434,b0e63d06-0e47-4033-ac23-e5884753a18e,9,0.207,0.580,0.278,1.065
1784809444,b0e63d06-0e47-4033-ac23-e5884753a18e,10,0.211,0.553,0.338,1.102
1784809841,cae1303b-1ac1-49be-b719-fc0de4888c45,1,0.000,1.905,0.341,2.246
1784809872,cae1303b-1ac1-49be-b719-fc0de4888c45,2,0.201,1.112,0.272,1.586
1785050415,11202834-3a5b-4375-86ea-f6543dfdbfe2,1,0.000,3.802,0.281,4.083
1785050428,11202834-3a5b-4375-86ea-f6543dfdbfe2,2,0.202,2.224,0.254,2.680
1785050438,11202834-3a5b-4375-86ea-f6543dfdbfe2,3,0.200,3.222,0.301,3.723
1785050466,11202834-3a5b-4375-86ea-f6543dfdbfe2,4,0.202,1.098,0.268,1.568
1785050855,577fb39f-d0cf-4948-aae0-d69e5f318979,1,0.000,2.764,0.359,3.123
1785050868,577fb39f-d0cf-4948-aae0-d69e5f318979,2,0.201,2.137,0.335,2.673
1785050876,577fb39f-d0cf-4948-aae0-d69e5f318979,3,0.201,1.707,0.295,2.203
1785050891,577fb39f-d0cf-4948-aae0-d69e5f318979,4,0.201,1.808,0.254,2.262
1785050910,577fb39f-d0cf-4948-aae0-d69e5f318979,5,0.200,1.237,0.274,1.712
1785050928,577fb39f-d0cf-4948-aae0-d69e5f318979,6,0.202,4.456,0.326,4.983
1785050943,577fb39f-d0cf-4948-aae0-d69e5f318979,7,0.201,0.693,0.326,1.219
1785050950,577fb39f-d0cf-4948-aae0-d69e5f318979,8,0.200,0.719,0.273,1.192
1785050970,577fb39f-d0cf-4948-aae0-d69e5f318979,9,0.201,0.601,0.275,1.078
1785051014,577fb39f-d0cf-4948-aae0-d69e5f318979,10,0.202,4.421,0.350,4.972
1785051668,435a6b2c-80ab-423e-966d-68d2478afccf,1,0.000,1.439,0.346,1.785
1785051677,435a6b2c-80ab-423e-966d-68d2478afccf,2,0.202,0.402,0.272,0.876
1785051687,435a6b2c-80ab-423e-966d-68d2478afccf,3,0.201,0.456,0.276,0.932
1785051873,23f4d7b2-6e83-4762-95e4-0a338a4d2ac4,1,0.000,0.883,0.264,1.148
1785051885,23f4d7b2-6e83-4762-95e4-0a338a4d2ac4,2,0.201,0.541,0.268,1.010
1785051895,23f4d7b2-6e83-4762-95e4-0a338a4d2ac4,3,0.201,0.514,0.278,0.993
1785051916,23f4d7b2-6e83-4762-95e4-0a338a4d2ac4,4,0.200,0.613,0.275,1.089
1785052167,68cb2841-c86d-46cd-a3bf-0798b334f15a,1,0.000,1.323,0.275,1.599
1785052176,68cb2841-c86d-46cd-a3bf-0798b334f15a,2,0.201,0.457,0.270,0.927
1785052186,68cb2841-c86d-46cd-a3bf-0798b334f15a,3,0.201,0.542,0.264,1.007
1785052253,e26b19d4-1120-4864-b04b-3f03b8e14803,1,0.000,0.759,0.283,1.042
1785052261,e26b19d4-1120-4864-b04b-3f03b8e14803,2,0.201,0.526,0.265,0.992
1785052726,bc6b3573-1b42-475d-8be9-ab746ac6f34c,1,0.000,0.877,0.273,1.150
1785052739,bc6b3573-1b42-475d-8be9-ab746ac6f34c,2,0.202,0.546,0.285,1.034
1785053212,3f5ceff0-bd3e-45a9-9761-98a58373e5b2,1,0.000,2.146,0.260,2.406
1785053221,3f5ceff0-bd3e-45a9-9761-98a58373e5b2,2,0.208,1.134,0.281,1.622
1785053235,3f5ceff0-bd3e-45a9-9761-98a58373e5b2,3,0.202,2.948,0.264,3.414
1785053256,3f5ceff0-bd3e-45a9-9761-98a58373e5b2,4,0.201,3.122,0.277,3.600
1785053276,3f5ceff0-bd3e-45a9-9761-98a58373e5b2,5,0.201,2.302,0.285,2.788
1785053303,3f5ceff0-bd3e-45a9-9761-98a58373e5b2,6,0.201,0.707,0.266,1.173
1785053326,3f5ceff0-bd3e-45a9-9761-98a58373e5b2,7,0.201,1.160,0.283,1.645
1785053342,3f5ceff0-bd3e-45a9-9761-98a58373e5b2,8,0.201,0.725,0.340,1.266
1785053360,3f5ceff0-bd3e-45a9-9761-98a58373e5b2,9,0.200,0.734,0.276,1.210
1785053373,3f5ceff0-bd3e-45a9-9761-98a58373e5b2,10,0.200,0.674,0.267,1.141
1785053389,3f5ceff0-bd3e-45a9-9761-98a58373e5b2,11,0.000,0.861,0.270,1.131
1785053398,3f5ceff0-bd3e-45a9-9761-98a58373e5b2,12,0.200,0.646,0.281,1.128
1785085059,04430b7a-2e7b-451a-92ca-7e20386aefdf,1,0.000,1.756,0.256,2.012
1785085094,04430b7a-2e7b-451a-92ca-7e20386aefdf,2,0.201,1.644,0.246,2.091
1785085130,fd7a2d54-6d7e-4179-adab-254451964282,1,0.000,2.633,0.240,2.873
1785085167,fd7a2d54-6d7e-4179-adab-254451964282,2,0.200,1.029,0.252,1.481
1785085375,066ea8f8-b551-4435-9770-7b3450fc255c,1,0.000,2.576,0.255,2.831
1785085395,066ea8f8-b551-4435-9770-7b3450fc255c,2,0.201,0.782,0.252,1.235
1785085406,066ea8f8-b551-4435-9770-7b3450fc255c,3,0.201,0.818,0.261,1.280
1785086385,7eeff3f5-f890-496a-99bf-cfb1d556acc4,1,0.000,2.092,0.230,2.323
1785086401,7eeff3f5-f890-496a-99bf-cfb1d556acc4,2,0.201,0.946,0.241,1.388
1785086415,7eeff3f5-f890-496a-99bf-cfb1d556acc4,3,0.202,1.017,0.239,1.458
1785313673,bad01431-64c5-45e4-809c-887e71cb595a,1,0.200,0.941,0.278,1.419
1785313685,bad01431-64c5-45e4-809c-887e71cb595a,2,0.201,1.779,0.289,2.269
1785313956,a2042c1b-b30f-4a7d-bbad-eca4737ba141,1,0.000,2.470,0.325,2.795
1785313965,a2042c1b-b30f-4a7d-bbad-eca4737ba141,2,0.201,0.576,0.271,1.047
1785313975,a2042c1b-b30f-4a7d-bbad-eca4737ba141,3,0.201,0.563,0.313,1.077
1785314824,0a7887cc-2144-4810-ba43-bba913837821,1,0.000,1.066,0.289,1.355
1785314835,0a7887cc-2144-4810-ba43-bba913837821,2,0.202,0.355,0.288,0.845
1785314843,0a7887cc-2144-4810-ba43-bba913837821,3,0.202,0.690,0.296,1.187
1785314855,0a7887cc-2144-4810-ba43-bba913837821,4,0.201,0.488,0.290,0.980
1785315206,6e24301e-8b9f-41a0-a24c-37decf8023f2,1,0.000,1.009,0.285,1.294
1785315221,6e24301e-8b9f-41a0-a24c-37decf8023f2,2,0.200,0.477,0.280,0.957
1785315230,6e24301e-8b9f-41a0-a24c-37decf8023f2,3,0.201,0.631,0.285,1.117
1785315250,6e24301e-8b9f-41a0-a24c-37decf8023f2,4,0.201,0.425,0.280,0.906
1785315262,6e24301e-8b9f-41a0-a24c-37decf8023f2,5,0.201,0.587,0.294,1.082
1785315283,6e24301e-8b9f-41a0-a24c-37decf8023f2,6,0.201,0.663,0.326,1.190
1785315303,6e24301e-8b9f-41a0-a24c-37decf8023f2,7,0.201,0.617,0.277,1.094
1785315315,6e24301e-8b9f-41a0-a24c-37decf8023f2,8,0.201,0.585,0.306,1.092
1785315324,6e24301e-8b9f-41a0-a24c-37decf8023f2,9,0.201,0.581,0.286,1.068
1785315337,6e24301e-8b9f-41a0-a24c-37decf8023f2,10,0.000,0.927,0.277,1.204
1785315352,6e24301e-8b9f-41a0-a24c-37decf8023f2,11,0.000,0.619,0.317,0.937
1785315363,6e24301e-8b9f-41a0-a24c-37decf8023f2,12,0.201,0.584,0.281,1.066
1785315872,e26fc86e-ec1e-4ea0-8a9a-2beedd41163f,1,0.000,0.970,0.278,1.248
1785315883,e26fc86e-ec1e-4ea0-8a9a-2beedd41163f,2,0.200,0.598,0.283,1.082
1785315890,e26fc86e-ec1e-4ea0-8a9a-2beedd41163f,3,0.201,0.665,0.273,1.138
1785315903,e26fc86e-ec1e-4ea0-8a9a-2beedd41163f,4,0.201,0.606,0.280,1.086
1785315920,e26fc86e-ec1e-4ea0-8a9a-2beedd41163f,5,0.201,0.857,0.403,1.460
1785315934,e26fc86e-ec1e-4ea0-8a9a-2beedd41163f,6,0.200,0.686,0.345,1.231
1785315940,e26fc86e-ec1e-4ea0-8a9a-2beedd41163f,7,0.000,0.813,0.290,1.103
1785315954,e26fc86e-ec1e-4ea0-8a9a-2beedd41163f,8,0.201,0.581,0.289,1.071
1785315965,e26fc86e-ec1e-4ea0-8a9a-2beedd41163f,9,0.201,0.758,0.280,1.239
1785316678,37cf2c5a-5b3e-47cb-9ffd-552fd64811cb,1,0.000,1.126,0.299,1.425
1785316687,37cf2c5a-5b3e-47cb-9ffd-552fd64811cb,2,0.201,0.744,0.282,1.226
1785316694,37cf2c5a-5b3e-47cb-9ffd-552fd64811cb,3,0.201,0.575,0.287,1.063
1785316706,37cf2c5a-5b3e-47cb-9ffd-552fd64811cb,4,0.201,0.515,0.276,0.993
1785316730,37cf2c5a-5b3e-47cb-9ffd-552fd64811cb,5,0.200,1.394,0.293,1.888
1785316750,37cf2c5a-5b3e-47cb-9ffd-552fd64811cb,6,0.201,1.330,0.385,1.915
1785316774,37cf2c5a-5b3e-47cb-9ffd-552fd64811cb,7,0.201,0.780,1.090,2.071
1785316805,37cf2c5a-5b3e-47cb-9ffd-552fd64811cb,8,0.209,0.752,0.279,1.240
1785316825,37cf2c5a-5b3e-47cb-9ffd-552fd64811cb,9,0.201,0.826,0.301,1.328
1785316839,37cf2c5a-5b3e-47cb-9ffd-552fd64811cb,10,0.201,0.846,0.275,1.321
1785316853,37cf2c5a-5b3e-47cb-9ffd-552fd64811cb,11,0.201,0.920,0.278,1.398
1785316874,37cf2c5a-5b3e-47cb-9ffd-552fd64811cb,12,0.201,0.736,0.293,1.230
1785316889,37cf2c5a-5b3e-47cb-9ffd-552fd64811cb,13,0.210,1.040,0.275,1.525
1785328099,a983d1f0-11fc-4e60-9e66-03cc63cfdfd1,1,0.000,0.495,0.282,0.777
1785328109,a983d1f0-11fc-4e60-9e66-03cc63cfdfd1,2,0.201,0.707,0.294,1.201
1785328120,a983d1f0-11fc-4e60-9e66-03cc63cfdfd1,3,0.200,0.772,0.286,1.258
1785328132,a983d1f0-11fc-4e60-9e66-03cc63cfdfd1,4,0.200,0.815,0.309,1.325
1785328147,a983d1f0-11fc-4e60-9e66-03cc63cfdfd1,5,0.210,0.712,0.275,1.197
1785328160,a983d1f0-11fc-4e60-9e66-03cc63cfdfd1,6,0.201,0.665,0.341,1.207
1785328170,a983d1f0-11fc-4e60-9e66-03cc63cfdfd1,7,0.212,0.639,0.284,1.135
1785328179,a983d1f0-11fc-4e60-9e66-03cc63cfdfd1,8,0.202,0.540,0.310,1.051
1785328183,a983d1f0-11fc-4e60-9e66-03cc63cfdfd1,9,0.000,0.594,0.280,0.874
1785328188,a983d1f0-11fc-4e60-9e66-03cc63cfdfd1,10,0.000,0.890,0.275,1.165
1785328191,a983d1f0-11fc-4e60-9e66-03cc63cfdfd1,11,0.207,0.901,0.275,1.383
1785328199,a983d1f0-11fc-4e60-9e66-03cc63cfdfd1,12,0.207,0.916,0.259,1.382
1785328223,c41aa95c-e24b-4eee-a371-e755c116e984,1,0.000,0.564,0.271,0.835
1785328256,c41aa95c-e24b-4eee-a371-e755c116e984,2,0.212,2.582,0.303,3.097
1785328264,c41aa95c-e24b-4eee-a371-e755c116e984,3,0.210,0.860,0.275,1.345
1785328275,c41aa95c-e24b-4eee-a371-e755c116e984,4,0.215,0.784,0.279,1.278
1785328292,c41aa95c-e24b-4eee-a371-e755c116e984,5,0.200,0.675,0.344,1.219
1785328341,c41aa95c-e24b-4eee-a371-e755c116e984,6,0.210,2.458,0.287,2.954
1785328350,c41aa95c-e24b-4eee-a371-e755c116e984,7,0.201,0.927,0.264,1.392
1785328373,c41aa95c-e24b-4eee-a371-e755c116e984,8,0.200,0.943,0.407,1.550
1785328404,c41aa95c-e24b-4eee-a371-e755c116e984,9,0.201,1.370,0.288,1.859
1785328431,c41aa95c-e24b-4eee-a371-e755c116e984,10,0.300,1.224,0.285,1.809
1785328448,c41aa95c-e24b-4eee-a371-e755c116e984,11,0.212,1.216,0.329,1.757
1785328459,c41aa95c-e24b-4eee-a371-e755c116e984,12,0.208,3.820,0.276,4.304
1785328503,c41aa95c-e24b-4eee-a371-e755c116e984,13,0.205,2.389,0.284,2.878
1785328527,c41aa95c-e24b-4eee-a371-e755c116e984,14,0.210,0.932,0.307,1.448
1785328548,c41aa95c-e24b-4eee-a371-e755c116e984,15,0.201,1.572,0.271,2.044
1785389423,0d4d33ca-fbcd-486d-b2a2-4448e0fcaf5a,1,0.000,1.798,0.333,2.130
1787423682,00d757c6-e0c1-46d6-85be-1589f80c1979,1,0.000,1.195,0.278,1.473
1787424069,cfbef8dd-882a-427b-a330-3ab7a3b53551,1,0.000,2.239,0.245,2.484
1787424080,cfbef8dd-882a-427b-a330-3ab7a3b53551,2,0.401,1.959,0.252,2.612
1787424090,cfbef8dd-882a-427b-a330-3ab7a3b53551,3,0.401,2.133,0.245,2.779
1787424106,cfbef8dd-882a-427b-a330-3ab7a3b53551,4,0.402,1.954,0.272,2.628
1787424124,cfbef8dd-882a-427b-a330-3ab7a3b53551,5,0.401,1.893,0.245,2.538
1787424140,cfbef8dd-882a-427b-a330-3ab7a3b53551,6,0.401,1.965,0.285,2.651
1787424154,cfbef8dd-882a-427b-a330-3ab7a3b53551,7,0.401,2.012,0.239,2.652
1787424169,cfbef8dd-882a-427b-a330-3ab7a3b53551,8,0.400,1.822,0.242,2.464
1787424184,cfbef8dd-882a-427b-a330-3ab7a3b53551,9,0.401,2.024,0.253,2.678
1787424196,cfbef8dd-882a-427b-a330-3ab7a3b53551,10,0.400,2.133,0.294,2.827
1787424211,cfbef8dd-882a-427b-a330-3ab7a3b53551,11,0.401,2.567,0.273,3.240
1787424221,cfbef8dd-882a-427b-a330-3ab7a3b53551,12,0.401,2.054,0.255,2.710
1787424357,ea0eeee7-9b50-4cbf-852d-37f0fc38a093,1,0.000,2.427,0.278,2.706
1787424372,ea0eeee7-9b50-4cbf-852d-37f0fc38a093,2,0.200,2.256,0.264,2.720
1787424383,ea0eeee7-9b50-4cbf-852d-37f0fc38a093,3,0.201,2.168,0.258,2.627
1787424397,ea0eeee7-9b50-4cbf-852d-37f0fc38a093,4,0.201,2.445,0.265,2.911
1787424407,ea0eeee7-9b50-4cbf-852d-37f0fc38a093,5,0.201,2.397,0.263,2.861
1787424424,ea0eeee7-9b50-4cbf-852d-37f0fc38a093,6,0.200,2.393,0.395,2.988
1787424436,ea0eeee7-9b50-4cbf-852d-37f0fc38a093,7,0.200,2.105,0.286,2.591
1787424452,ea0eeee7-9b50-4cbf-852d-37f0fc38a093,8,0.201,2.146,0.260,2.606
1787424464,ea0eeee7-9b50-4cbf-852d-37f0fc38a093,9,0.201,2.164,0.257,2.621
1787424477,ea0eeee7-9b50-4cbf-852d-37f0fc38a093,10,0.200,2.733,0.268,3.201
1787424489,ea0eeee7-9b50-4cbf-852d-37f0fc38a093,11,0.201,2.235,0.299,2.735
1787424503,ea0eeee7-9b50-4cbf-852d-37f0fc38a093,12,0.200,2.773,0.266,3.239
1787424513,ea0eeee7-9b50-4cbf-852d-37f0fc38a093,13,0.201,2.368,0.267,2.836
1787425003,d8bc2389-1484-41f8-b517-46bf70c4e9ae,1,0.000,1.557,0.272,1.829
1787425022,d8bc2389-1484-41f8-b517-46bf70c4e9ae,2,0.151,2.103,0.260,2.513
1787425037,d8bc2389-1484-41f8-b517-46bf70c4e9ae,3,0.152,2.976,0.245,3.373
1787425053,d8bc2389-1484-41f8-b517-46bf70c4e9ae,4,0.151,2.007,0.242,2.400
1787425070,d8bc2389-1484-41f8-b517-46bf70c4e9ae,5,0.151,1.792,0.286,2.230
1787425082,d8bc2389-1484-41f8-b517-46bf70c4e9ae,6,0.151,1.773,0.243,2.167
1787425094,d8bc2389-1484-41f8-b517-46bf70c4e9ae,7,0.151,1.882,0.244,2.277
1787425106,d8bc2389-1484-41f8-b517-46bf70c4e9ae,8,0.151,1.963,0.250,2.364
1787425118,d8bc2389-1484-41f8-b517-46bf70c4e9ae,9,0.150,2.121,0.293,2.565
1787425131,d8bc2389-1484-41f8-b517-46bf70c4e9ae,10,0.161,2.023,0.277,2.462
1787425156,d8bc2389-1484-41f8-b517-46bf70c4e9ae,11,0.151,2.010,0.302,2.463
1787425175,d8bc2389-1484-41f8-b517-46bf70c4e9ae,12,0.151,2.211,0.258,2.620
1787425191,d8bc2389-1484-41f8-b517-46bf70c4e9ae,13,0.151,2.286,0.306,2.743
1787425201,d8bc2389-1484-41f8-b517-46bf70c4e9ae,14,0.000,2.020,0.270,2.290
1787425220,d8bc2389-1484-41f8-b517-46bf70c4e9ae,15,0.151,2.174,0.238,2.563
1787425243,d8bc2389-1484-41f8-b517-46bf70c4e9ae,16,0.155,2.028,0.258,2.441
1787425259,d8bc2389-1484-41f8-b517-46bf70c4e9ae,17,0.150,1.955,0.415,2.521
1787471957,671a8dcf-f660-4c04-abd7-a9929942467f,1,0.000,2.067,0.406,2.472
1787471962,671a8dcf-f660-4c04-abd7-a9929942467f,2,0.150,1.919,0.257,2.326
1787471965,671a8dcf-f660-4c04-abd7-a9929942467f,3,0.150,1.913,0.249,2.313
1787471974,671a8dcf-f660-4c04-abd7-a9929942467f,4,0.000,2.258,0.345,2.603
1787471983,671a8dcf-f660-4c04-abd7-a9929942467f,5,0.151,1.935,0.247,2.334
1787472000,671a8dcf-f660-4c04-abd7-a9929942467f,6,0.187,2.044,0.252,2.483
1787472014,671a8dcf-f660-4c04-abd7-a9929942467f,7,0.150,2.139,0.269,2.558
1787472032,671a8dcf-f660-4c04-abd7-a9929942467f,8,0.151,6.052,1.463,7.667
1787490716,fdaa19a0-ac6e-4c12-b9dc-68bf6bef7711,1,0.000,3.589,0.275,3.864
1787490849,c0aeadc1-295a-4bf8-b391-f14b2ec723ec,1,0.000,2.113,0.258,2.370
1787490876,c0aeadc1-295a-4bf8-b391-f14b2ec723ec,2,0.152,3.275,0.264,3.690
1787490880,c0aeadc1-295a-4bf8-b391-f14b2ec723ec,3,0.257,1.714,0.256,2.226
1787490890,c0aeadc1-295a-4bf8-b391-f14b2ec723ec,4,0.152,1.718,0.379,2.249
1787490894,c0aeadc1-295a-4bf8-b391-f14b2ec723ec,5,0.151,2.072,0.270,2.494
1787491151,455642a1-6a37-49d4-bf75-7bca96620852,1,0.000,3.224,0.436,3.660
1787491280,3fe09c2c-5df2-43b1-9528-d386fd9e352c,1,0.000,2.232,0.249,2.481
1787491291,3fe09c2c-5df2-43b1-9528-d386fd9e352c,2,0.150,1.761,0.283,2.195
1787491301,3fe09c2c-5df2-43b1-9528-d386fd9e352c,3,0.152,1.945,0.309,2.407
1787491317,3fe09c2c-5df2-43b1-9528-d386fd9e352c,4,0.151,1.918,0.246,2.315
1787491340,3fe09c2c-5df2-43b1-9528-d386fd9e352c,5,0.150,1.905,0.279,2.334
1787491358,3fe09c2c-5df2-43b1-9528-d386fd9e352c,6,0.152,1.904,0.245,2.300
1787491373,3fe09c2c-5df2-43b1-9528-d386fd9e352c,7,0.150,1.872,0.242,2.264
1787491389,3fe09c2c-5df2-43b1-9528-d386fd9e352c,8,0.151,1.757,0.251,2.159
1787491401,3fe09c2c-5df2-43b1-9528-d386fd9e352c,9,0.256,2.003,0.286,2.545
1787491414,3fe09c2c-5df2-43b1-9528-d386fd9e352c,10,0.151,1.679,0.247,2.077
1787491427,3fe09c2c-5df2-43b1-9528-d386fd9e352c,11,0.150,1.661,0.243,2.054
1787491440,3fe09c2c-5df2-43b1-9528-d386fd9e352c,12,0.152,1.800,0.266,2.219
1787491462,3fe09c2c-5df2-43b1-9528-d386fd9e352c,13,0.151,1.888,0.254,2.294
1787491480,3fe09c2c-5df2-43b1-9528-d386fd9e352c,14,0.151,1.963,0.293,2.407
1787491498,3fe09c2c-5df2-43b1-9528-d386fd9e352c,15,0.151,1.991,0.239,2.382
1787491519,3fe09c2c-5df2-43b1-9528-d386fd9e352c,16,0.150,2.241,0.265,2.656
1787491601,a5d6b403-7210-49f7-9fe3-dea6d730107e,1,0.000,3.052,0.786,3.838
1787491610,a5d6b403-7210-49f7-9fe3-dea6d730107e,2,0.150,1.967,0.260,2.378
1787491620,a5d6b403-7210-49f7-9fe3-dea6d730107e,3,0.152,1.734,0.271,2.157
1787491636,a5d6b403-7210-49f7-9fe3-dea6d730107e,4,0.162,2.167,0.394,2.723
1787491652,a5d6b403-7210-49f7-9fe3-dea6d730107e,5,0.154,1.811,0.268,2.233
1787491669,a5d6b403-7210-49f7-9fe3-dea6d730107e,6,0.157,1.932,0.295,2.384
1787491688,a5d6b403-7210-49f7-9fe3-dea6d730107e,7,0.151,1.738,0.621,2.510
1787496678,6a7d97ca-a302-4d31-838b-a79d8c1910ae,1,0.259,1.131,0.307,1.697
1787496689,6a7d97ca-a302-4d31-838b-a79d8c1910ae,2,0.152,1.271,0.336,1.759
1787497107,6702182f-397b-41b2-bbc2-1750ccbcf830,1,0.000,1.619,0.477,2.096
1787497124,6702182f-397b-41b2-bbc2-1750ccbcf830,2,0.151,1.443,0.349,1.943
1787497133,6702182f-397b-41b2-bbc2-1750ccbcf830,3,0.150,1.261,0.262,1.673
1787497147,6702182f-397b-41b2-bbc2-1750ccbcf830,4,0.150,1.478,0.243,1.871
1787497168,6702182f-397b-41b2-bbc2-1750ccbcf830,5,0.151,1.329,0.347,1.827
1787497180,6702182f-397b-41b2-bbc2-1750ccbcf830,6,0.152,1.072,0.308,1.532
1787497358,7d455b8a-37d5-4caa-9542-9ba07d327d9b,1,0.000,1.547,0.284,1.832
1787497367,7d455b8a-37d5-4caa-9542-9ba07d327d9b,2,0.151,1.228,0.247,1.626
1787497389,7d455b8a-37d5-4caa-9542-9ba07d327d9b,3,0.152,1.134,0.331,1.617
1787497407,7d455b8a-37d5-4caa-9542-9ba07d327d9b,4,0.150,1.644,0.248,2.042
1787497429,7d455b8a-37d5-4caa-9542-9ba07d327d9b,5,0.151,1.704,0.303,2.158
1787497491,7d455b8a-37d5-4caa-9542-9ba07d327d9b,6,0.151,1.479,0.336,1.966
1787497510,7d455b8a-37d5-4caa-9542-9ba07d327d9b,7,0.156,1.634,0.262,2.052
1787497523,7d455b8a-37d5-4caa-9542-9ba07d327d9b,8,0.151,1.491,0.306,1.948
1787497882,1d1a76b7-c4a4-4caf-a48f-92cf9b09110e,1,0.000,2.689,0.554,3.243
1787497902,1d1a76b7-c4a4-4caf-a48f-92cf9b09110e,2,0.151,2.191,0.384,2.726
1787506985,c9802f36-a3fe-449c-9bcf-85609d5aa1c7,1,0.000,2.051,0.275,2.326
1787507010,c9802f36-a3fe-449c-9bcf-85609d5aa1c7,2,0.150,1.038,0.242,1.430
1787507019,c9802f36-a3fe-449c-9bcf-85609d5aa1c7,3,0.151,1.319,0.237,1.707
1787507028,c9802f36-a3fe-449c-9bcf-85609d5aa1c7,4,0.151,1.146,0.305,1.602
1787507044,c9802f36-a3fe-449c-9bcf-85609d5aa1c7,5,0.151,1.516,0.420,2.087
1787507063,c9802f36-a3fe-449c-9bcf-85609d5aa1c7,6,0.152,1.423,0.305,1.879
1787507085,c9802f36-a3fe-449c-9bcf-85609d5aa1c7,7,0.000,1.470,0.279,1.749
1787507106,c9802f36-a3fe-449c-9bcf-85609d5aa1c7,8,0.152,1.407,0.242,1.800
1787507122,c9802f36-a3fe-449c-9bcf-85609d5aa1c7,9,0.151,1.349,0.256,1.755
1787507131,c9802f36-a3fe-449c-9bcf-85609d5aa1c7,10,0.151,1.618,0.275,2.044
1787507150,c9802f36-a3fe-449c-9bcf-85609d5aa1c7,11,0.150,1.381,0.243,1.774
1787507161,c9802f36-a3fe-449c-9bcf-85609d5aa1c7,12,0.151,1.529,0.237,1.917
1787507183,c9802f36-a3fe-449c-9bcf-85609d5aa1c7,13,0.151,1.071,0.259,1.481
1787507206,c9802f36-a3fe-449c-9bcf-85609d5aa1c7,14,0.152,1.644,0.272,2.067
1787507226,c9802f36-a3fe-449c-9bcf-85609d5aa1c7,15,0.155,1.184,0.272,1.611
1787507598,e30f0288-3c39-4018-ad1b-4e430e2bad74,1,0.000,3.269,0.274,3.543
1787507622,e30f0288-3c39-4018-ad1b-4e430e2bad74,2,0.150,1.261,0.254,1.666
1787507651,9b93c7ae-db5f-4cdc-b212-4692164c88c1,1,0.000,1.064,0.245,1.308
1787507665,9b93c7ae-db5f-4cdc-b212-4692164c88c1,2,0.151,1.285,0.262,1.697
1787507685,9b93c7ae-db5f-4cdc-b212-4692164c88c1,3,0.151,1.022,0.243,1.415
1787507716,9b93c7ae-db5f-4cdc-b212-4692164c88c1,4,0.151,1.332,0.275,1.757
1787507739,9b93c7ae-db5f-4cdc-b212-4692164c88c1,5,0.151,1.260,0.240,1.651
1787507757,9b93c7ae-db5f-4cdc-b212-4692164c88c1,6,0.151,1.582,0.247,1.979
1787507776,9b93c7ae-db5f-4cdc-b212-4692164c88c1,7,0.150,1.259,0.265,1.675
1787507791,9b93c7ae-db5f-4cdc-b212-4692164c88c1,8,0.151,1.402,0.243,1.796
1787507809,9b93c7ae-db5f-4cdc-b212-4692164c88c1,9,0.151,1.263,0.248,1.662
1787507826,9b93c7ae-db5f-4cdc-b212-4692164c88c1,10,0.151,1.360,0.259,1.769
1787507845,9b93c7ae-db5f-4cdc-b212-4692164c88c1,11,0.151,1.053,0.314,1.518
1787507867,9b93c7ae-db5f-4cdc-b212-4692164c88c1,12,0.151,1.356,0.250,1.757
1787507896,9b93c7ae-db5f-4cdc-b212-4692164c88c1,13,0.150,1.457,0.273,1.881
1787507922,9b93c7ae-db5f-4cdc-b212-4692164c88c1,14,0.151,1.446,0.309,1.906
1787507947,9b93c7ae-db5f-4cdc-b212-4692164c88c1,15,0.150,1.378,0.243,1.772
1787507966,9b93c7ae-db5f-4cdc-b212-4692164c88c1,16,0.151,1.750,0.252,2.153
1787507981,9b93c7ae-db5f-4cdc-b212-4692164c88c1,17,0.152,1.492,0.239,1.883
1787508001,9b93c7ae-db5f-4cdc-b212-4692164c88c1,18,0.151,1.258,0.263,1.672
1787508786,f33c151c-a27d-46bd-9e20-1412550d2ef5,1,0.000,4.411,0.472,4.884
1787508802,f33c151c-a27d-46bd-9e20-1412550d2ef5,2,0.151,1.386,0.413,1.949
1787508819,f33c151c-a27d-46bd-9e20-1412550d2ef5,3,0.151,1.324,0.544,2.019
1787558873,console,1,0.000,1.895,0.318,2.213
1787558884,console,2,0.160,1.988,0.316,2.465
1787558898,console,3,0.154,2.260,0.423,2.837
1787559510,console,1,0.000,1.901,0.264,2.165
1787559519,console,2,0.153,2.094,0.338,2.585
1787559537,console,3,0.152,2.345,0.369,2.866
1787559551,console,4,0.157,2.234,0.905,3.295
1787559572,console,5,0.155,2.126,0.282,2.563
1787559590,console,6,0.159,2.103,0.365,2.627
1787559615,console,7,0.157,2.882,0.308,3.348
1787559638,console,8,0.156,3.045,0.309,3.510
1787559660,console,9,0.159,2.807,0.288,3.255
1787559670,console,10,0.154,2.044,0.422,2.619
1787559682,console,11,0.153,2.183,0.541,2.877
1787559791,console,1,0.000,1.879,0.833,2.712
1787559801,console,2,0.155,2.482,0.297,2.935
1787559809,console,3,0.160,1.581,0.313,2.055
1787559821,console,4,0.152,1.590,0.309,2.051
1787559839,console,5,0.155,2.793,0.294,3.243
1787559849,console,6,0.151,2.213,0.301,2.665
1787559866,console,7,0.152,1.975,0.342,2.468
1787559886,console,8,0.157,1.791,0.317,2.266
1787559913,console,9,0.160,1.811,0.293,2.263
1787559928,console,10,0.162,1.543,0.395,2.100
1787559950,console,11,0.000,1.647,0.491,2.138
1787559961,console,12,0.151,2.422,0.329,2.903
1787559973,console,13,0.157,1.779,0.295,2.231
1787559986,console,14,0.162,3.454,0.306,3.923
1787559997,console,15,0.153,1.694,0.383,2.230
1787560006,console,16,0.156,1.764,0.334,2.254
1787560017,console,17,0.153,1.482,0.366,2.001
1787560022,console,18,0.159,1.841,0.353,2.352
1787560027,console,19,0.157,2.199,0.300,2.655
1787560033,console,20,0.161,1.338,0.313,1.812
1787560049,console,21,0.152,1.511,0.317,1.980
1787561341,console,1,0.000,1.916,0.303,2.219
1787561350,console,2,0.166,1.597,0.337,2.100
1787561359,console,3,0.158,1.680,0.270,2.108
1787561372,console,4,0.155,2.043,0.284,2.482
1787562400,console,1,0.000,2.199,0.334,2.532
1787562408,console,2,0.160,1.775,0.347,2.281
1787562416,console,3,0.158,1.900,0.306,2.364
1787562431,console,4,0.157,1.904,0.282,2.342
1787562450,console,5,0.161,2.390,0.293,2.844
1787562472,console,6,0.158,1.671,0.310,2.140
1787562486,console,7,0.169,1.732,0.357,2.258
1787562498,console,8,0.158,1.763,0.390,2.312
1787562511,console,9,0.156,2.003,0.305,2.464
1787562522,console,10,0.158,1.903,0.339,2.399
1787562534,console,11,0.151,2.683,0.376,3.210
1787562548,console,12,0.165,1.758,0.337,2.260
1787562744,console,1,0.000,1.616,0.300,1.916
1787562753,console,2,0.152,1.578,0.327,2.057
1787562761,console,3,0.154,1.465,0.303,1.922
1787562773,console,4,0.151,2.023,0.303,2.478
1787562793,console,5,0.152,1.806,0.309,2.267
1787562813,console,6,0.160,1.700,0.357,2.218
1787562829,console,7,0.154,1.794,0.313,2.261
1787562845,console,8,0.160,2.121,0.411,2.692
1787562862,console,9,0.153,2.209,0.300,2.663
1787562875,console,10,0.151,1.535,0.328,2.014
1787562890,console,11,0.152,1.906,0.311,2.369
1787562901,console,12,0.154,1.752,0.308,2.214
1787563259,console,1,0.000,1.599,0.274,1.873
1787563267,console,2,0.159,1.391,0.373,1.923
1787563276,console,3,0.159,1.997,1.319,3.476
1787563292,console,4,0.158,2.179,0.265,2.602
1787563311,console,5,0.152,2.653,0.277,3.082
1787563432,console,1,0.000,1.492,0.301,1.794
1787563442,console,2,0.161,1.554,1.308,3.023
1787563451,console,3,0.154,1.681,0.300,2.135
1787563467,console,4,0.157,1.746,0.315,2.218
1787563481,console,5,0.152,1.705,0.301,2.158
1787563503,console,6,0.166,1.809,0.330,2.305
1787563760,console,1,0.000,1.419,0.259,1.678
1787563768,console,2,0.114,1.551,0.264,1.929
1787563776,console,3,0.103,1.420,0.297,1.820
1787563789,console,4,0.102,1.660,0.255,2.016
1787563809,console,5,0.109,2.090,0.275,2.474
1787563824,console,6,0.109,1.687,0.294,2.090
1787563838,console,7,0.101,1.897,0.321,2.319
1787563856,console,8,0.101,1.963,0.266,2.330
1787567297,console,1,0.000,1.429,0.248,1.677
1787567815,console,1,0.000,1.467,0.327,1.794
1787567824,console,2,0.113,1.497,0.313,1.923
1787567832,console,3,0.103,2.163,0.315,2.581
1787567845,console,4,0.105,2.233,0.300,2.638
1787592260,console,1,0.000,1.634,0.324,1.958
1787592272,console,2,0.100,1.326,0.284,1.710
1787592284,console,3,0.109,4.659,0.274,5.042
1787592291,console,4,0.101,1.256,0.348,1.705
1788016593,ac073f0a-94ec-46e9-a2ce-a3a0a661daea,1,0.101,1.115,0.286,1.502
1788016609,ac073f0a-94ec-46e9-a2ce-a3a0a661daea,2,0.100,2.624,0.363,3.088
1788016636,ac073f0a-94ec-46e9-a2ce-a3a0a661daea,3,0.000,1.170,0.289,1.459
1788016651,ac073f0a-94ec-46e9-a2ce-a3a0a661daea,4,0.100,1.454,0.288,1.842
1788016660,ac073f0a-94ec-46e9-a2ce-a3a0a661daea,5,0.101,1.239,0.344,1.684
1788016666,ac073f0a-94ec-46e9-a2ce-a3a0a661daea,6,0.102,1.277,0.283,1.661
1788016672,ac073f0a-94ec-46e9-a2ce-a3a0a661daea,7,0.101,1.072,0.274,1.447
1788016677,ac073f0a-94ec-46e9-a2ce-a3a0a661daea,8,0.101,1.187,0.296,1.583
1788016683,ac073f0a-94ec-46e9-a2ce-a3a0a661daea,9,0.101,1.287,0.285,1.673
1788016692,ac073f0a-94ec-46e9-a2ce-a3a0a661daea,10,0.102,1.282,0.295,1.679
1788016702,ac073f0a-94ec-46e9-a2ce-a3a0a661daea,11,0.101,1.203,0.288,1.592
1788016712,ac073f0a-94ec-46e9-a2ce-a3a0a661daea,12,0.101,1.260,0.298,1.659
1788016720,ac073f0a-94ec-46e9-a2ce-a3a0a661daea,13,0.000,1.634,0.299,1.933
1788016726,ac073f0a-94ec-46e9-a2ce-a3a0a661daea,14,0.101,1.508,0.293,1.902
1788016730,ac073f0a-94ec-46e9-a2ce-a3a0a661daea,15,0.101,2.084,0.291,2.476
1788016734,ac073f0a-94ec-46e9-a2ce-a3a0a661daea,16,0.101,1.736,0.298,2.134
1788016739,ac073f0a-94ec-46e9-a2ce-a3a0a661daea,17,0.102,1.759,0.313,2.173
1788016757,ac073f0a-94ec-46e9-a2ce-a3a0a661daea,18,0.100,1.117,0.443,1.660
1788016762,ac073f0a-94ec-46e9-a2ce-a3a0a661daea,19,0.101,1.426,0.303,1.830
1788016781,ac073f0a-94ec-46e9-a2ce-a3a0a661daea,20,0.101,1.437,0.326,1.864
1788016797,ac073f0a-94ec-46e9-a2ce-a3a0a661daea,21,0.101,1.383,0.290,1.775
1788016812,ac073f0a-94ec-46e9-a2ce-a3a0a661daea,22,0.100,1.378,0.353,1.831
1788016845,ac073f0a-94ec-46e9-a2ce-a3a0a661daea,23,0.102,1.963,0.387,2.451
1788016870,ac073f0a-94ec-46e9-a2ce-a3a0a661daea,24,0.100,2.735,0.310,3.145
1788016893,ac073f0a-94ec-46e9-a2ce-a3a0a661daea,25,0.101,2.910,0.294,3.305
1788022536,console,1,0.000,1.926,0.354,2.280
1788022556,console,2,0.102,1.274,0.317,1.694
1788022558,console,3,0.115,1.097,0.297,1.509
1788022569,console,4,0.115,1.324,0.299,1.738
1788022576,console,5,0.103,1.445,0.318,1.865
1788022768,console,1,0.000,1.091,0.449,1.540
1788022771,console,2,0.101,1.179,0.297,1.577
1788022784,console,3,0.256,1.423,0.285,1.964
1788022788,console,4,0.111,1.279,0.311,1.702
1788022793,console,5,0.105,1.739,0.316,2.159
1788022796,console,6,0.101,1.268,0.284,1.652
1788025564,console,1,0.000,1.670,0.357,2.027
1788025576,console,2,0.091,0.945,0.288,1.324
1788025580,console,3,0.098,0.906,0.310,1.314
1788025584,console,4,0.087,0.911,0.285,1.283
1788025587,console,5,0.094,0.987,0.344,1.425
1788025591,console,6,0.093,0.885,0.303,1.281
1788025596,console,7,0.081,0.857,0.303,1.241
1788025608,console,8,0.094,0.900,0.279,1.273
1788025610,console,9,0.087,0.871,0.281,1.239
1788025908,console,1,0.000,1.186,0.319,1.504
1788025920,console,2,0.256,0.923,0.294,1.473
1788025923,console,3,0.163,0.886,0.415,1.464
1788025938,console,4,0.000,0.898,0.297,1.195
1788061283,console,1,0.000,1.832,0.315,2.147
1788061286,console,2,0.157,0.816,0.284,1.258
1788061295,console,3,0.160,0.927,0.356,1.442
1788061298,console,4,0.159,0.867,0.293,1.318
1788061304,console,5,0.161,0.820,0.286,1.267
1788061313,console,6,0.162,0.928,0.296,1.386
1788061323,console,7,0.161,1.103,0.292,1.556
1788061336,console,8,0.155,1.216,0.280,1.650
1788067815,787f7572-7520-4f08-a2da-6497bd0f4178,1,0.000,2.254,0.354,2.608
1788067825,97e1a66b-5d00-421b-913d-89c71d37f94e,1,0.000,1.938,0.308,2.246
1788067844,defbe198-d517-43f3-aefd-dfbfe83bf421,1,0.000,1.558,0.321,1.879
1788067862,e5b846d1-6094-475a-8982-52a343f1aa21,1,0.000,1.350,0.319,1.669
1788067897,e05d1e04-d24a-42a3-9262-f41afc7c6edb,1,0.000,1.282,0.314,1.595
1788067934,77653522-8194-46c1-826e-50546aedd45b,1,0.000,1.235,0.314,1.549
1788067950,7089bba0-bf46-4b01-97e9-6ce786097a73,1,0.000,2.010,0.349,2.359
1788071319,console,1,0.000,1.986,0.387,2.374
1788071329,console,2,0.155,0.977,0.321,1.453
1788071337,console,3,0.156,1.003,0.345,1.503
1788071346,console,4,0.150,1.035,0.322,1.507
1788071360,console,5,0.000,0.925,0.322,1.247
1788071990,console,1,0.000,1.415,0.360,1.775
1788071999,console,2,0.155,0.867,0.305,1.327
1788072009,console,3,0.257,1.098,0.470,1.825
1788072023,console,4,0.161,1.711,0.303,2.175
1788072039,console,5,0.151,1.336,0.306,1.794
1788072053,console,6,0.152,1.111,0.344,1.607
1788072069,console,7,0.152,0.985,0.304,1.442
1788072416,console,1,0.000,1.393,0.321,1.714
1788072426,console,2,0.165,1.090,0.303,1.557
1788072430,console,3,0.163,0.871,0.318,1.352
1788072439,console,4,0.154,1.021,0.289,1.464
1788072450,console,5,0.154,0.974,0.304,1.433
1788072464,console,6,0.158,1.052,0.301,1.512
1788072472,console,7,0.154,0.985,0.280,1.418
1788072696,console,1,0.151,1.008,0.314,1.474
1788072734,console,1,0.000,1.479,0.306,1.785
1788072745,console,2,0.157,0.977,0.304,1.438
1788072754,console,3,0.153,0.952,0.321,1.426
1788072766,console,4,0.154,1.252,0.304,1.710
1788073114,console,1,0.000,1.362,0.356,1.717
1788073122,console,2,0.151,0.930,0.291,1.372
1788073130,console,3,0.152,0.907,0.302,1.361
1788073141,console,4,0.152,1.399,0.300,1.850
1788073158,console,5,0.160,1.236,0.306,1.701
1788073174,console,6,0.155,1.347,0.318,1.820
1788073185,console,7,0.161,1.073,0.296,1.530
1788073197,console,8,0.165,1.097,0.349,1.611
1788073208,console,9,0.163,1.096,0.294,1.554
1788073221,console,10,0.000,1.137,0.334,1.471
1788073231,console,11,0.152,1.091,0.303,1.546
1788073265,console,1,0.000,1.446,0.309,1.755
1788073275,console,2,0.152,0.889,0.347,1.388
1788073282,console,3,0.161,1.086,0.307,1.554
1788073293,console,4,0.163,1.333,0.338,1.834
1788073305,console,5,0.157,1.110,0.306,1.573
1788073317,console,6,0.256,1.275,0.302,1.834
1788073328,console,7,0.158,1.098,0.336,1.593
1788073340,console,8,0.156,1.046,0.314,1.516
1788073350,console,9,0.154,0.896,0.304,1.353
1788073360,console,10,0.160,0.909,0.313,1.382
1788073371,console,11,0.153,1.196,0.321,1.669
1788073384,console,12,0.160,1.057,0.304,1.521
1788073397,console,13,0.158,1.145,0.326,1.630
1788073411,console,14,0.160,1.335,0.316,1.810
1788073421,console,15,0.154,1.258,0.296,1.708
1788073431,console,16,0.156,0.936,0.314,1.406
1788074160,console,1,0.000,1.612,0.566,2.178
1788074188,console,1,0.157,1.972,0.312,2.440
1788074194,console,2,0.162,0.784,0.303,1.249
1788074202,console,3,0.000,1.105,0.308,1.413
1788074211,console,4,0.155,1.108,0.307,1.569
1788074219,console,5,0.166,1.041,0.301,1.508
1788074226,console,6,0.163,1.393,0.410,1.967
1788074232,console,7,0.163,1.028,0.301,1.491
1788074240,console,8,0.161,1.154,0.313,1.628
1788074247,console,9,0.161,1.313,0.298,1.772
1788074255,console,10,0.150,0.969,0.332,1.451
1788074260,console,11,0.162,1.103,0.304,1.569
1788074276,console,12,0.256,1.186,0.304,1.746
1788074283,console,13,0.156,1.440,0.336,1.932
1788074290,console,14,0.153,1.321,0.307,1.781
1788074300,console,15,0.152,0.984,0.299,1.435
1788086351,console,1,0.000,1.631,0.329,1.960
1788086364,console,2,0.151,1.307,0.353,1.811
1788086372,console,3,0.155,0.733,0.318,1.206
1788086382,console,4,0.156,1.202,0.318,1.676
1788086397,console,5,0.000,1.003,0.320,1.323
1788086409,console,6,0.155,1.054,0.331,1.540
1788086422,console,7,0.153,1.782,0.366,2.301
1788086425,console,8,0.166,1.082,0.315,1.563
1788086438,console,9,0.256,0.984,0.318,1.559
1788086442,console,10,0.155,1.505,0.401,2.060
1788086456,console,11,0.155,1.363,0.316,1.835
1788086469,console,12,0.152,1.018,0.301,1.471
1788086493,console,13,0.168,1.121,0.339,1.628
1788086514,console,14,0.162,1.650,0.310,2.121
1788086521,console,15,0.165,1.774,0.338,2.277
1788086543,console,16,0.158,0.981,0.744,1.884
1788086560,console,17,0.150,1.976,0.606,2.732
1788086577,console,18,0.153,1.322,0.293,1.768
1788086581,console,19,0.155,1.184,0.296,1.635
1788086594,console,20,0.152,1.279,0.300,1.731
1788086609,console,21,0.159,1.045,0.294,1.498
1788086619,console,22,0.158,1.247,0.315,1.720
1788086627,console,23,0.153,1.018,0.344,1.515
1788104849,console,1,0.000,1.702,0.650,2.352
1788104859,console,2,0.165,0.980,0.298,1.442
1788104870,console,3,0.155,1.141,0.288,1.584
1788104880,console,4,0.163,1.169,0.298,1.630
1788104890,console,5,0.152,1.181,0.311,1.644
1788104904,console,6,0.159,1.190,0.342,1.692
1788104980,console,1,0.000,2.351,0.439,2.790
1788104990,console,2,0.160,1.840,0.476,2.476
1788105836,console,1,0.000,2.372,0.395,2.767
1788105846,console,2,0.157,1.294,0.361,1.812
1788105854,console,3,0.157,1.212,0.324,1.693
1788105866,console,4,0.151,1.152,0.291,1.594
1788105884,console,5,0.151,1.072,0.334,1.557
1788105897,console,6,0.151,1.103,0.371,1.625
1788105914,console,7,0.158,1.278,0.307,1.742
1788105954,console,1,0.000,1.826,0.492,2.317
1788105963,console,2,0.163,0.975,0.335,1.473
1788105970,console,3,0.162,0.982,0.334,1.478
1788105981,console,4,0.157,1.221,0.294,1.672
1788105994,console,5,0.156,0.966,0.314,1.436
1788106008,console,6,0.155,1.316,0.359,1.830
1788106023,console,7,0.160,1.172,0.381,1.714
1788106029,console,8,0.000,1.060,0.302,1.362
1788106052,console,9,0.164,1.452,0.608,2.225
1788106065,console,10,0.163,1.231,0.392,1.786
1788106080,console,11,0.160,1.339,0.397,1.897
1788106094,console,12,0.256,1.782,0.325,2.363
1788106112,console,13,0.160,1.352,0.310,1.822
1788106139,console,14,0.166,1.773,0.298,2.237
1788106144,console,15,0.000,1.200,0.298,1.498
1788106373,console,1,0.000,1.413,0.298,1.712
1788106386,console,2,0.154,1.873,0.292,2.319
1788106393,console,3,0.159,1.055,0.732,1.946
1788106405,console,4,0.152,1.216,0.469,1.837
1788106419,console,5,0.160,1.390,0.448,1.998
1788106443,console,6,0.158,2.128,0.862,3.147
1788106462,console,7,0.155,1.920,0.651,2.726
1788106473,console,8,0.155,2.063,0.353,2.572
1788106485,console,9,0.158,1.220,0.484,1.862
1788106535,console,10,0.000,0.978,0.349,1.327
1788106549,console,11,0.158,1.241,0.330,1.728
1788107148,console,1,0.000,1.661,0.319,1.980
1788107150,console,2,0.152,0.918,0.282,1.352
1788107745,console,1,0.151,1.393,0.299,1.843
1788108390,console,1,0.162,1.135,0.327,1.624
1788108410,console,2,0.150,2.012,0.350,2.513
1788108422,console,3,0.156,1.222,0.338,1.716
1788108438,console,4,0.156,1.308,0.325,1.789
1788108453,console,5,0.164,0.936,0.273,1.373
1788108954,console,1,0.153,0.975,0.287,1.414
1788108990,console,2,0.163,1.240,0.325,1.729
1788109008,console,3,0.154,1.037,0.322,1.514
1788109012,console,4,0.000,0.933,0.297,1.230
1788109088,console,1,0.164,1.392,0.390,1.947
1788109095,console,2,0.152,1.385,0.332,1.869
1788109107,console,3,0.151,1.067,0.301,1.519
1788109670,console,1,0.167,1.840,0.285,2.291
1788109676,console,2,0.151,0.904,0.272,1.327
1788109683,console,3,0.156,0.943,0.289,1.388
1788118484,console,1,0.158,0.901,0.301,1.360
1788118886,console,1,0.155,0.936,0.268,1.360
1788119177,console,1,0.745,1.021,0.282,2.048
1788119187,console,2,0.812,0.919,0.378,2.109
1788119417,console,1,0.939,1.262,0.264,2.465
1788119458,console,2,0.480,1.346,0.296,2.122
1788119460,console,3,0.000,1.063,0.303,1.367
1788119498,console,4,0.909,1.415,0.269,2.593
1788120446,console,1,0.755,1.244,0.352,2.351
1788120469,console,2,0.717,1.377,0.309,2.402
1788120477,console,3,0.864,0.844,0.271,1.979
1788120526,console,1,0.792,1.066,0.274,2.131
1788120534,console,2,0.782,1.446,0.279,2.508
1788120580,console,3,0.743,1.469,0.306,2.517
1788120593,console,4,0.813,1.450,0.273,2.536
1788120607,console,5,0.801,1.285,0.270,2.356
1788120623,console,6,0.930,1.360,0.270,2.561
1788120636,console,7,0.853,1.587,0.277,2.717
1788120695,console,1,0.796,1.251,0.279,2.326
1788120705,console,2,0.480,1.497,0.274,2.251
1788120723,console,3,0.898,1.401,0.269,2.568
1788120751,console,4,1.329,1.420,0.306,3.055
1788120761,console,5,0.785,1.331,0.264,2.379
1788120869,console,1,0.838,1.248,0.284,2.370
1788120878,console,2,0.814,1.460,0.267,2.540
1788120892,console,3,0.874,1.278,0.276,2.428
1788120921,console,4,0.815,1.326,0.287,2.428
1788176297,console,1,0.934,1.375,0.308,2.617
1788176406,console,1,1.007,1.329,0.299,2.635
1788176419,console,2,1.253,1.895,0.318,3.467
1788176499,console,1,1.725,1.273,0.312,3.310
1788176503,console,2,0.859,1.264,0.305,2.428
1788176507,console,3,0.480,1.263,0.307,2.050
1788176511,console,4,0.000,1.644,0.323,1.967
1788176520,console,5,0.894,1.694,0.319,2.906
1788176528,console,6,1.164,1.606,0.327,3.097
1788176534,console,7,1.028,1.507,0.299,2.835
1788178934,console,1,0.927,1.869,0.501,3.297
1788178945,console,2,0.844,1.371,0.351,2.566
1788178954,console,3,0.859,2.055,0.352,3.265
1788179207,console,1,0.000,1.403,0.378,1.781
1788179231,console,2,0.000,1.586,0.532,2.118
1788179412,console,1,1.049,1.456,0.299,2.804
1788179424,console,2,1.236,1.346,0.319,2.900
1788179482,console,3,1.006,1.453,0.321,2.780
1788179699,console,1,0.926,0.883,0.327,2.137
1788179708,console,2,0.855,0.918,0.330,2.103
1788179748,console,3,0.842,1.948,0.328,3.118
1788179771,console,4,1.080,1.909,0.449,3.437
1788179828,console,5,0.994,1.717,0.298,3.010
1788189695,console,1,0.480,1.732,0.416,2.628
1788189709,console,2,0.480,1.633,0.405,2.518
1788189734,console,3,0.000,2.119,0.336,2.455
1788189754,console,4,0.481,1.769,0.465,2.714
1788190554,console,1,0.000,1.565,0.299,1.864
1788190561,console,2,1.113,1.753,0.315,3.181
1788191039,console,1,0.000,1.394,0.286,1.681
1788191047,console,2,1.305,1.586,0.302,3.192
1788191242,console,1,1.393,1.319,0.284,2.996
1788191251,console,2,1.368,2.075,0.600,4.043
1788273230,console,1,1.600,1.328,0.307,3.235
1788273241,console,2,0.764,1.569,0.284,2.616
1788273253,console,3,0.644,1.603,0.414,2.661
1788273271,console,4,0.801,1.773,0.286,2.860
1788285605,console,1,0.787,1.227,0.287,2.301
1788285613,console,2,0.946,1.373,0.286,2.605
1788285623,console,3,0.629,1.462,0.272,2.362
1788285637,console,4,0.777,1.591,0.271,2.638
1788285657,console,5,0.907,1.925,0.299,3.131
1788285677,console,6,0.917,1.854,0.328,3.099
1788285691,console,7,0.725,1.753,0.298,2.775
1788285710,console,8,1.030,1.766,0.300,3.096
1788285729,console,9,0.775,2.227,0.294,3.297
1788285742,console,10,0.831,1.461,0.312,2.604
1788352103,console,1,1.201,1.282,0.300,2.783
1788352110,console,2,0.799,1.427,0.333,2.559
1788352121,console,3,0.450,1.309,0.305,2.064
1788352135,console,4,0.794,1.622,0.318,2.734
1788352156,console,5,0.936,1.511,0.403,2.850
1788352170,console,6,0.941,1.667,0.313,2.921
1788352190,console,7,0.928,1.702,0.301,2.931
1788352205,console,8,0.874,1.826,0.305,3.005
1788352220,console,9,0.821,2.179,0.322,3.321
1788352239,console,10,1.019,1.439,0.349,2.807
1788352362,console,1,0.838,1.229,0.314,2.381
1788352372,console,2,0.841,1.275,0.301,2.417
1788352390,console,3,0.921,1.676,0.302,2.899
1788352412,console,4,0.455,1.863,0.322,2.640
1788352433,console,5,1.023,1.665,0.320,3.008
1788352452,console,6,1.414,1.619,0.312,3.345
1788352475,console,7,0.810,1.610,0.358,2.778
1788352485,console,8,0.000,1.388,0.380,1.768
1788352500,console,9,1.212,1.577,0.303,3.092
1788352513,console,10,0.896,1.476,0.314,2.687
1788352521,console,11,1.344,1.787,0.321,3.452
1788352578,console,1,0.880,1.776,1.011,3.668
1788352587,console,2,1.241,1.636,0.296,3.173
1788352598,console,3,0.990,1.739,0.354,3.083
1788352616,console,4,1.782,1.771,0.349,3.901
1788352639,console,5,0.874,2.132,0.433,3.438
1788352660,console,6,0.740,1.354,0.296,2.390
1788352677,console,7,0.920,1.330,0.318,2.568
1788352694,console,8,0.992,1.273,0.351,2.616
1788352708,console,9,0.893,1.390,0.321,2.604
1788353813,console,1,0.000,1.389,0.300,1.689
1788353820,console,2,0.828,1.440,0.318,2.585
1788353853,console,3,0.923,1.667,0.327,2.917
1788353867,console,4,0.869,1.743,0.299,2.911
1788353974,console,5,0.000,1.398,0.303,1.701
1788354013,console,1,1.041,1.284,0.290,2.615
1788354024,console,2,0.879,1.334,0.282,2.495
1788354075,console,3,1.054,3.107,0.330,4.492
1788354099,console,4,0.000,1.698,0.304,2.002
1788354196,console,1,1.229,1.353,0.312,2.894
1788355061,console,1,0.937,1.476,0.344,2.757
1788367058,console,1,0.913,1.447,0.303,2.663
1788367080,console,2,1.348,1.712,0.303,3.362
1788367517,console,1,0.797,1.066,0.294,2.157
1788367524,console,2,0.799,0.684,0.291,1.773
1788367544,console,3,0.480,0.965,0.297,1.742
1788367582,console,4,0.830,1.600,0.402,2.832
1788367614,console,5,0.893,1.345,0.478,2.715
1788368526,console,1,0.877,1.401,0.291,2.569
1788368532,console,2,0.971,1.807,0.298,3.075
1788370688,console,1,0.000,1.629,0.317,1.945
1788371006,console,1,0.481,1.440,0.285,2.206
1788371015,console,2,0.719,1.406,0.281,2.406
1788371025,console,3,0.820,1.686,0.288,2.793
1788371038,console,4,0.827,1.751,0.314,2.892
1788371049,console,5,1.020,1.826,0.316,3.162
1788371059,console,6,0.603,1.420,0.294,2.317
1788371069,console,7,0.871,1.568,0.307,2.745
1788371413,console,1,1.024,1.471,0.284,2.779
1788371439,console,2,0.894,1.590,0.305,2.789
1788371454,console,3,0.843,3.270,0.329,4.442
1788371469,console,4,0.000,2.203,0.439,2.642
1788371483,console,5,0.786,2.076,0.391,3.253
1788371623,console,1,0.901,1.642,0.280,2.823
1788371772,console,1,0.852,1.043,0.291,2.187
1788371810,console,2,1.031,1.276,0.288,2.594
1788371829,console,3,1.529,1.434,0.294,3.257
1788371844,console,4,1.381,1.407,0.278,3.066
1788371853,console,5,0.818,1.272,0.326,2.415
1788371952,console,1,0.868,1.080,0.280,2.229
1788371962,console,2,1.006,1.072,0.290,2.369
1788371977,console,3,0.917,1.236,0.287,2.440
1788371992,console,4,0.837,1.229,0.287,2.352
1788372010,console,5,1.395,1.156,0.316,2.867
1788372023,console,6,0.710,1.422,0.289,2.421
1788372051,console,7,0.787,1.237,0.303,2.327
1788372061,console,8,0.795,1.258,0.284,2.337
1788372074,console,9,0.812,1.136,0.312,2.259
1788372105,console,1,0.693,1.196,0.296,2.185
1788372137,console,2,1.019,1.199,0.280,2.498
1788372153,console,3,0.831,1.281,0.318,2.431
1788372166,console,4,0.811,1.461,0.309,2.581
1788372185,console,5,1.596,1.386,0.296,3.278
1788372202,console,6,0.815,1.537,0.286,2.638
1788372213,console,7,0.784,1.192,0.311,2.287
1788372231,console,8,0.859,1.962,0.283,3.105
1788432285,console,1,0.897,1.237,0.321,2.455
1788432320,console,2,1.109,1.485,0.348,2.941
1788432334,console,3,0.868,1.213,0.388,2.469
1788432380,console,4,0.154,1.274,0.327,1.754
1788432383,console,5,0.963,1.195,0.336,2.495
1788432385,console,6,0.979,0.866,0.369,2.214
1788432398,console,7,1.065,1.098,0.357,2.520
1788432776,console,1,0.756,1.176,0.338,2.270
1788432783,console,2,0.812,0.952,0.310,2.075
1788432794,console,3,0.480,1.213,0.317,2.010
1788432807,console,4,0.849,1.519,0.305,2.673
1788432818,console,5,0.850,1.283,0.313,2.447
1788432835,console,6,1.303,1.152,0.342,2.797
1788432850,console,7,1.079,1.176,0.311,2.566
1788432864,console,8,0.910,1.373,0.292,2.574
1788435780,console,1,0.834,1.185,0.304,2.323
1788435802,console,2,1.199,0.985,0.326,2.509
1788435821,console,3,0.824,1.356,0.318,2.498
1788436121,console,1,0.000,1.111,0.304,1.415
1788436128,console,2,0.888,1.248,0.311,2.447
1788436138,console,3,1.060,1.177,0.310,2.546
1788436148,console,4,0.834,1.083,0.307,2.224
1788436152,console,5,0.956,1.677,0.299,2.932
1788436156,console,6,0.323,1.375,0.303,2.001
1788436157,console,7,0.792,0.877,0.300,1.969
1788436162,console,8,0.823,1.563,0.309,2.695
1788436165,console,9,1.890,1.070,0.314,3.274
1788436174,console,10,0.911,0.997,0.313,2.221
1788436188,console,11,0.921,1.234,0.297,2.452
1788436211,console,12,0.000,1.298,0.335,1.633
1788436262,console,1,1.256,1.139,0.810,3.205
1788436271,console,2,1.774,2.068,0.450,4.292
1788436281,console,3,0.831,1.384,0.663,2.878
1788436306,console,4,0.540,1.412,0.318,2.270
1788436326,console,5,0.719,1.432,0.333,2.484
1788436336,console,6,1.040,1.630,0.301,2.971
1788436359,console,7,1.326,1.057,0.316,2.699
1788436584,console,1,0.842,1.470,0.317,2.628
1788436597,console,2,1.957,1.520,0.314,3.791
1788436607,console,3,0.782,1.489,0.322,2.593
1788436616,console,4,0.789,1.310,0.325,2.424
1788436627,console,5,0.935,1.725,0.331,2.991
1788436662,console,6,0.737,1.424,0.321,2.482
1788436667,console,7,1.542,1.707,0.300,3.549
1788436681,console,8,0.724,2.272,0.324,3.321
1788436693,console,9,0.879,1.166,0.332,2.378
1788436706,console,10,1.352,1.194,0.334,2.881
1788436717,console,11,1.158,0.930,0.380,2.468
1788436728,console,12,0.967,1.215,0.334,2.516
1788436738,console,13,0.158,1.230,0.315,1.703
1788436794,console,1,0.820,1.088,0.366,2.274
1788436811,console,2,1.160,1.455,0.341,2.955
1788436822,console,3,0.908,1.398,0.344,2.651
1788436860,console,4,1.576,1.269,0.308,3.153
1788545618,console,1,0.848,0.991,0.271,2.110
1788545625,console,2,0.777,1.111,0.313,2.202
1788545636,console,3,1.234,1.206,0.277,2.716
1788545650,console,4,0.815,1.110,0.280,2.205
1788545664,console,5,0.831,1.227,0.285,2.343
1788545681,console,6,0.873,1.169,0.372,2.414
1788545699,console,7,0.839,1.197,0.288,2.323
1788545716,console,8,0.825,1.206,0.271,2.303
1788545765,console,1,0.763,0.942,0.294,2.000
1788545773,console,2,0.355,1.830,0.275,2.460
1788545795,console,3,0.788,1.195,0.277,2.260
1788545808,console,4,1.017,2.034,0.266,3.317
1788545829,console,5,0.851,1.505,0.306,2.661
1788545845,console,6,0.981,1.371,0.290,2.643
1788545864,console,7,1.419,1.138,0.345,2.902
1788545886,console,8,0.771,1.179,0.275,2.224
1788545914,console,1,0.707,1.065,0.294,2.066
1788545916,console,2,0.575,1.180,0.272,2.026
1788545929,console,3,0.816,1.570,0.319,2.705
1788545945,console,4,0.882,2.335,0.293,3.509
1788545959,console,5,0.720,2.069,0.280,3.069
1788889309,console,1,0.709,0.991,0.280,1.980
1788889310,console,2,0.558,0.977,0.263,1.797
1788889313,console,3,0.771,1.135,0.290,2.195
1788889321,console,4,0.952,1.325,0.288,2.565
1788889331,console,5,0.701,1.137,0.276,2.114
1788889336,console,6,0.480,1.204,0.293,1.977
1788892438,console,1,0.778,1.110,0.264,2.152
1788892446,console,2,0.729,1.101,0.275,2.105
1788892468,console,3,0.746,1.234,0.288,2.268
1788892479,console,4,1.066,1.602,0.279,2.946
1788892495,console,5,0.731,1.231,0.295,2.257
1788892509,console,6,0.832,1.218,0.277,2.326
1788892524,console,7,0.745,1.233,0.263,2.242
1788892560,console,8,0.000,1.073,0.296,1.369
1788892570,console,9,0.782,1.012,0.277,2.071
1788892581,console,10,0.654,1.176,0.265,2.094
1788892599,console,11,0.000,1.514,0.322,1.836
1788892611,console,12,0.687,1.441,0.280,2.409
1788892629,console,13,0.630,1.371,0.284,2.284
1788892645,console,14,0.774,1.585,0.272,2.631
1788892655,console,15,0.776,1.335,0.269,2.380
1788892669,console,16,0.857,1.146,0.275,2.278
1788892677,console,17,0.724,1.094,0.279,2.096
1788892681,console,18,1.094,1.192,0.275,2.561
1788892685,console,19,0.730,1.205,0.286,2.222
1788892701,console,20,0.000,1.283,0.314,1.597
1788892717,console,21,0.799,1.252,0.297,2.347
1788892730,console,22,0.756,1.261,0.272,2.288
1788895218,console,1,0.749,0.990,0.277,2.016
1788895226,console,2,0.738,1.160,0.268,2.165
1788895250,console,3,0.742,1.060,0.364,2.166
1788895254,console,4,0.000,1.163,0.290,1.453
1788895267,console,5,0.000,1.109,0.272,1.381
1788895283,console,6,0.570,1.261,0.272,2.103
1788895476,console,1,0.768,1.044,0.271,2.083
1788895483,console,2,0.734,1.018,0.274,2.026
1788895504,console,3,0.779,1.270,0.267,2.316
1788895518,console,4,0.877,1.624,0.274,2.776
1788895584,console,5,0.727,0.984,0.262,1.972
1788923187,console,1,0.000,1.032,0.288,1.320
1788923190,console,2,0.853,1.063,0.312,2.228
1788923199,console,3,0.674,1.160,0.302,2.136
1788923210,console,4,0.864,1.482,0.303,2.648
1788923215,console,5,1.033,1.241,0.287,2.561
1788923227,console,6,0.789,1.252,0.285,2.326
1788923232,console,7,0.000,1.326,0.279,1.604
1788923243,console,8,0.811,1.203,0.305,2.319
1788923255,console,9,0.943,1.168,0.299,2.410
1788923258,console,10,0.480,1.186,0.284,1.950
1788923262,console,11,0.483,1.038,0.275,1.795
1788923265,console,12,0.481,0.738,0.293,1.512
1788923270,console,13,0.916,1.060,0.290,2.267
1788923280,console,14,0.831,1.130,0.287,2.248
1788924390,console,1,0.386,1.121,0.291,1.797
1788924397,console,2,0.850,1.068,0.292,2.210
1788924410,console,3,0.775,1.412,0.304,2.492
1788924428,console,4,0.800,1.299,0.319,2.418
1788924439,console,5,0.682,1.348,0.286,2.317
1788924452,console,6,0.819,1.600,0.309,2.729
1788924465,console,7,0.740,1.268,0.300,2.308
1788924479,console,8,0.840,1.360,0.287,2.487
1788924511,console,9,0.744,1.048,0.326,2.117
1788924517,console,10,0.806,1.278,0.314,2.398
1788924540,console,11,0.833,1.058,0.298,2.189
1788924550,console,12,0.752,1.078,0.306,2.136
1788924563,console,13,0.696,1.119,0.289,2.103
1788924579,console,14,0.832,1.302,0.319,2.453
1788924596,console,15,0.718,1.287,0.280,2.284
1788924611,console,16,0.972,1.290,0.359,2.622
1788924628,console,17,0.739,1.279,0.287,2.305
1788924630,console,18,0.880,1.062,0.294,2.236
1788924641,console,19,0.872,1.136,0.339,2.347
1788928810,console,1,1.197,1.028,0.306,2.531
1788928820,console,2,0.000,1.331,0.311,1.642
1788928827,console,3,0.795,1.036,0.318,2.148
1788928857,console,4,0.814,1.251,0.335,2.401
1788928871,console,5,1.027,1.008,0.325,2.360
1788928889,console,6,0.000,1.441,0.349,1.790
1788929905,console,1,0.555,0.862,0.306,1.723
1788929912,console,2,0.793,1.079,0.312,2.185
1788929935,console,3,0.783,1.258,0.315,2.356
1788929952,console,4,0.892,1.832,0.324,3.049
1788929966,console,5,0.937,1.129,0.300,2.366
1788929982,console,6,0.833,1.530,0.332,2.694
1788930015,console,7,0.885,1.391,0.294,2.569
1788930049,console,8,0.837,1.304,0.341,2.482
1788930070,console,9,0.839,1.240,0.321,2.400
1788930099,console,10,0.742,1.295,0.326,2.363
1788930117,console,11,1.334,1.153,0.350,2.837
1788930127,console,12,0.810,1.121,0.326,2.258
1788930141,console,13,0.784,1.195,0.304,2.283
1788930159,console,14,0.674,1.905,0.502,3.081
1788930177,console,15,0.696,1.009,0.320,2.025
1788930185,console,16,0.766,1.251,0.329,2.346
1788930195,console,17,0.742,1.059,0.312,2.113
1788930204,console,18,0.762,1.148,0.339,2.248
1788930217,console,19,0.804,1.885,0.321,3.010
1788930228,console,20,0.640,1.619,0.317,2.576
1789014932,console,1,1.213,1.148,0.408,2.770
1789014939,console,2,0.723,1.322,0.322,2.367
1789014958,console,3,0.825,1.583,0.479,2.886
1789014972,console,4,0.855,1.413,0.361,2.629
1789014985,console,5,1.039,1.153,0.432,2.625
1789014991,console,6,0.651,1.284,0.331,2.265
1789014994,console,7,0.764,1.183,0.411,2.358
1789015005,console,8,0.667,1.415,0.448,2.531
1789015015,console,9,0.770,1.164,0.399,2.333
1789015023,console,10,0.913,1.331,0.322,2.566
1789015054,console,11,0.726,1.281,0.364,2.371
1789015059,console,12,0.480,1.222,0.319,2.022
1789015066,console,13,0.780,1.167,0.292,2.239
1789015072,console,14,0.797,1.181,0.312,2.290
1789015077,console,15,0.000,1.108,0.331,1.439
1789015081,console,16,0.861,1.050,0.330,2.240
1789015676,console,1,0.710,1.186,0.359,2.256
1789015683,console,2,0.821,1.145,0.378,2.344
1789015697,console,3,0.782,1.309,0.437,2.529
1789015713,console,4,0.831,1.324,0.379,2.535
1789015719,console,5,0.480,1.362,0.427,2.269
1789015751,console,6,1.300,1.145,0.388,2.832
1789015758,console,7,0.952,1.434,0.339,2.725
1789015775,console,8,0.000,1.285,0.332,1.617
1789015868,console,1,1.029,2.260,0.369,3.658
1789015877,console,2,0.880,1.252,0.449,2.580
1789015904,console,3,0.936,2.024,0.442,3.403
1789015931,console,4,0.671,1.196,0.574,2.442
1789015936,console,5,0.829,1.212,0.442,2.483
1789015954,console,6,0.662,3.380,0.459,4.500
1789015972,console,7,0.000,1.100,0.372,1.473
1789015999,console,8,0.794,1.137,0.351,2.282
1789016017,console,9,0.771,1.368,0.321,2.460
1789016773,console,1,1.045,1.340,0.366,2.752
1789016781,console,2,1.861,1.097,0.848,3.806
1789016788,console,3,0.789,1.150,0.486,2.424
1789016795,console,4,0.926,1.792,0.485,3.203
1789016801,console,5,0.591,1.407,0.527,2.525
1789016813,console,6,1.102,1.261,0.446,2.808
1789016850,console,7,0.828,2.392,0.452,3.672
1789016886,console,8,0.814,1.543,0.620,2.977
1789016903,console,9,0.819,1.494,0.392,2.704
1789016933,console,10,0.855,1.474,0.634,2.964
1789016951,console,11,0.851,1.322,0.398,2.571
1789016969,console,12,0.921,2.468,0.573,3.963
1789016995,console,13,1.155,1.148,0.492,2.795
1789017016,console,14,0.936,1.605,0.725,3.266
1789017031,console,15,0.818,1.498,0.456,2.772
1789017042,console,16,0.715,1.141,0.407,2.263
1789017048,console,17,0.918,1.311,0.370,2.599
1789018297,console,1,0.913,2.109,0.338,3.360
1789018309,console,2,0.750,1.334,0.309,2.393
1789018317,console,3,1.393,1.078,0.334,2.805
1789018342,console,4,0.718,1.366,0.330,2.414
1789018388,console,1,1.408,1.110,0.325,2.843
1789018394,console,2,0.818,1.064,0.340,2.223
1789018397,console,3,0.000,1.141,0.387,1.528
1789018437,console,4,0.785,1.275,0.337,2.397
1789018470,console,5,0.796,1.414,0.386,2.596
1789018489,console,6,0.000,1.390,0.385,1.775
1789018497,console,7,1.431,1.159,0.327,2.917
1789018508,console,8,0.889,1.509,0.332,2.730
1789018511,console,9,1.003,1.226,0.318,2.548
1789049773,console,1,0.978,1.126,0.299,2.404
1789049780,console,2,0.810,1.176,0.299,2.285
1789049786,console,3,0.483,1.282,0.318,2.082
1789049795,console,4,0.825,1.231,0.313,2.368
1789049800,console,5,0.480,1.346,0.296,2.122
1789049806,console,6,0.814,1.050,0.289,2.154
1789049814,console,7,0.782,1.201,0.304,2.287
1789049819,console,8,0.917,1.088,0.300,2.305
1789049998,console,1,0.739,1.089,0.322,2.150
1789050005,console,2,0.837,1.090,0.297,2.224
1789050033,console,3,0.817,1.350,0.301,2.469
1789050047,console,4,0.886,1.344,0.302,2.531
1789050078,console,5,0.779,1.130,0.294,2.202
1789050093,console,6,0.832,1.320,0.292,2.445
1789050097,console,7,0.735,1.411,0.307,2.453
1789050110,console,8,0.638,1.309,0.303,2.251
1789050130,console,9,1.143,1.339,0.291,2.773
1789050144,console,10,0.481,1.245,0.310,2.035
1789058124,console,1,0.891,0.979,0.281,2.150
1789058130,console,2,0.951,1.227,0.296,2.474
1789058151,console,3,1.204,1.219,0.283,2.706
1789058164,console,4,0.804,1.273,0.303,2.380
1789058205,console,5,0.699,1.061,0.293,2.053
1789058226,console,6,0.000,1.115,0.301,1.416
1789058270,console,7,0.782,1.334,0.300,2.416
1789058283,console,8,0.790,1.302,0.304,2.396
1789058293,console,9,1.668,1.440,0.521,3.630
1789058302,console,10,0.768,1.394,0.296,2.458
1789058314,console,11,0.814,1.596,0.323,2.734
1789058321,console,12,0.000,1.188,0.284,1.472
1789058473,console,1,0.766,1.082,0.357,2.205
1789058478,console,2,0.764,1.098,0.287,2.149
1789058502,console,3,0.870,1.312,0.293,2.474
1789058519,console,4,2.079,1.351,0.282,3.711
1789058537,console,5,1.008,2.075,0.317,3.400
1789058553,console,6,5.207,1.518,0.322,7.046
1789058557,console,7,0.805,1.251,0.280,2.336
1789059517,console,1,1.350,1.911,0.303,3.564
1789059524,console,2,0.673,1.155,0.299,2.127
1789059528,console,3,0.482,1.214,0.278,1.975
1789059539,console,4,0.813,1.344,0.290,2.447
1789059556,console,5,0.000,1.365,0.301,1.666
1789059590,console,6,0.864,1.218,0.322,2.404
1789059608,console,7,1.067,1.381,0.299,2.747
1789059635,console,8,0.772,1.657,0.284,2.713
1789059651,console,9,0.837,1.749,0.296,2.883
1789059663,console,10,0.755,1.498,0.293,2.546
1789062780,console,1,0.898,1.060,0.310,2.267
1789062787,console,2,0.746,1.186,0.292,2.224
1789062795,console,3,0.788,1.294,0.314,2.396
1789062813,console,4,0.835,1.105,0.299,2.238
1789062821,console,5,0.746,1.101,0.300,2.147
1789062832,console,6,0.871,1.260,0.315,2.446
1789062853,console,7,0.919,1.340,0.308,2.568
1789062865,console,8,0.000,1.395,0.302,1.698
1789062894,console,9,0.000,1.408,0.269,1.677
1789062909,console,10,0.760,1.341,0.275,2.375
1789062923,console,11,0.848,1.138,0.280,2.266
1789062934,console,12,0.756,1.482,0.327,2.565
1789062941,console,13,0.000,1.195,0.280,1.475
1789097254,console,1,0.762,1.041,0.271,2.074
1789097260,console,2,0.636,1.345,0.279,2.260
1789097281,console,3,0.766,1.046,0.278,2.090
1789097304,console,4,0.728,1.281,0.265,2.274
1789097340,console,5,0.000,1.188,0.278,1.466
1789102492,console,1,0.693,1.122,0.311,2.126
1789102499,console,2,0.831,1.037,0.291,2.159
1789102509,console,3,0.904,1.096,0.297,2.297
1789102519,console,4,0.801,1.156,0.310,2.267
1789102533,console,5,0.821,1.188,0.304,2.312
1789102547,console,6,0.916,1.225,0.341,2.482
1789102567,console,7,1.530,1.425,0.294,3.250
1789102613,console,8,0.000,1.463,0.354,1.816
1789102623,console,9,0.000,1.146,0.293,1.439
1789102628,console,10,0.926,1.229,0.303,2.458
1789102634,console,11,0.783,1.255,0.298,2.335
1789102644,console,12,0.775,1.221,0.306,2.301
1789102662,console,13,0.891,1.444,0.312,2.647
1789102675,console,14,0.794,1.286,0.324,2.404
1789102684,console,15,0.760,1.233,0.371,2.364
1789102688,console,16,0.000,1.082,0.537,1.619
1789102693,console,17,0.917,1.321,0.301,2.539
1789102710,console,18,1.063,1.283,0.341,2.687
1789102724,console,19,0.714,1.090,0.315,2.119
1789102740,console,20,0.780,1.512,0.570,2.861
